idx,host_ms,val_raw,val_filt
0,1765976594948,1669,1669
1,1765976594975,1736,1702
2,1765976595002,1308,1571
3,1765976595028,1798,1627
4,1765976595057,1545,1611
5,1765976595084,1430,1563
6,1765976595110,1814,1579
7,1765976595138,1511,1619
8,1765976595166,1536,1567
9,1765976595193,1950,1648
10,1765976595219,1423,1646
11,1765976595248,1616,1607
12,1765976595275,1832,1671
13,1765976595302,1346,1633
14,1765976595328,1822,1607
15,1765976595358,1703,1663
16,1765976595384,1363,1613
17,1765976595410,1862,1619
18,1765976595437,1461,1642
19,1765976595466,1425,1562
20,1765976595493,1985,1619
21,1765976595520,1380,1622
22,1765976595546,1629,1576
23,1765976595575,1984,1680
24,1765976595602,1390,1673
25,1765976595628,1815,1639
26,1765976595655,1613,1686
27,1765976595684,1412,1642
28,1765976595711,1915,1629
29,1765976595737,1551,1661
30,1765976595765,1417,1581
31,1765976595793,1912,1641
32,1765976595873,1998,1758
33,1765976595899,1412,1658
34,1765976595925,1550,1657
35,1765976595952,1966,1767
36,1765976595981,1400,1665
37,1765976596008,1686,1602
38,1765976596034,1767,1673
39,1765976596062,1388,1641
40,1765976596090,1848,1617
41,1765976596117,1580,1653
42,1765976596143,1452,1607
43,1765976596172,1842,1622
44,1765976596199,1448,1634
45,1765976596226,1556,1575
46,1765976596308,1688,1597
47,1765976596335,1841,1675
48,1765976596361,1386,1583
49,1765976596390,1804,1655
50,1765976596417,1617,1667
51,1765976596443,1387,1607
52,1765976596470,1886,1616
53,1765976596499,1471,1633
54,1765976596526,1497,1571
55,1765976596552,1972,1642
56,1765976596579,1395,1644
57,1765976596608,1648,1596
58,1765976596635,1811,1664
59,1765976596661,1363,1637
60,1765976596689,1731,1589
61,1765976596717,1645,1639
62,1765976596744,1387,1587
63,1765976596770,1874,1600
64,1765976596799,1483,1624
65,1765976596826,1462,1570
66,1765976596853,1958,1632
67,1765976596879,1390,1633
68,1765976596906,1536,1565
69,1765976596932,2004,1670
70,1765976596962,1425,1662
71,1765976596988,1713,1613
72,1765976597014,1850,1705
73,1765976597041,1386,1675
74,1765976597070,1855,1645
75,1765976597097,1582,1677
76,1765976597123,1491,1632
77,1765976597151,1816,1626
78,1765976597179,1488,1646
79,1765976597206,1465,1568
80,1765976597232,1935,1639
81,1765976597261,1334,1607
82,1765976597288,1568,1558
83,1765976597315,1717,1603
84,1765976597341,1374,1585
85,1765976597370,1618,1522
86,1765976597397,1556,1566
87,1765976597424,1322,1517
88,1765976597450,1772,1528
89,1765976597479,1495,1552
90,1765976597559,1369,1502
91,1765976597588,1475,1486
92,1765976597615,1745,1571
93,1765976597641,1331,1483
94,1765976597668,1685,1521
95,1765976597697,1548,1556
96,1765976597724,1328,1527
97,1765976597750,1871,1552
98,1765976597778,1448,1576
99,1765976597806,1469,1532
100,1765976597833,1920,1607
101,1765976597859,1352,1612
102,1765976597888,1516,1541
103,1765976597915,1819,1615
104,1765976597942,1293,1580
105,1765976597968,1670,1530
106,1765976597998,1632,1586
107,1765976598024,1373,1557
108,1765976598051,1754,1544
109,1765976598077,1470,1579
110,1765976598103,1295,1504
111,1765976598130,1774,1533
112,1765976598159,1440,1546
113,1765976598186,1443,1484
114,1765976598212,1983,1587
115,1765976598240,1373,1602
116,1765976598269,1570,1561
117,1765976598295,1830,1639
118,1765976598321,1324,1616
119,1765976598348,1557,1530
120,1765976598374,1760,1608
121,1765976598404,1310,1556
122,1765976598430,1790,1548
123,1765976598456,1585,1600
124,1765976598483,1337,1556
125,1765976598513,1864,1577
126,1765976598539,1398,1594
127,1765976598565,1447,1526
128,1765976598592,1904,1590
129,1765976598621,1346,1591
130,1765976598648,1566,1532
131,1765976598674,1752,1603
132,1765976598702,1334,1580
133,1765976598730,1799,1559
134,1765976598757,1504,1591
135,1765976598783,1410,1559
136,1765976598812,1810,1571
137,1765976598839,1465,1597
138,1765976598866,1491,1536
139,1765976598892,1933,1621
140,1765976598922,1372,1614
141,1765976598948,1613,1574
142,1765976598975,1819,1645
143,1765976599054,1799,1707
144,1765976599083,1427,1606
145,1765976599110,1774,1686
146,1765976599136,1554,1674
147,1765976599164,1339,1578
148,1765976599192,1862,1591
149,1765976599219,1403,1586
150,1765976599245,1475,1526
151,1765976599274,1918,1599
152,1765976599301,1402,1612
153,1765976599328,1637,1567
154,1765976599354,1842,1654
155,1765976599383,1401,1640
156,1765976599410,1771,1610
157,1765976599437,1633,1656
158,1765976599463,1354,1600
159,1765976599493,1790,1589
160,1765976599519,1463,1602
161,1765976599546,1450,1538
162,1765976599572,1924,1596
163,1765976599602,1390,1603
164,1765976599628,1614,1568
165,1765976599654,1766,1628
166,1765976599681,1362,1611
167,1765976599710,1799,1586
168,1765976599737,1604,1629
169,1765976599763,1349,1576
170,1765976599791,1821,1587
171,1765976599819,1486,1611
172,1765976599846,1470,1546
173,1765976599872,2010,1627
174,1765976599901,1442,1645
175,1765976599928,1601,1601
176,1765976599955,1840,1672
177,1765976599981,1398,1658
178,1765976600011,1667,1589
179,1765976600037,1596,1620
180,1765976600064,1345,1569
181,1765976600090,1763,1553
182,1765976600120,1516,1577
183,1765976600146,1416,1527
184,1765976600173,1861,1580
185,1765976600199,1390,1589
186,1765976600228,1501,1536
187,1765976600255,1704,1574
188,1765976600281,1368,1564
189,1765976600308,1657,1524
190,1765976600337,1597,1565
191,1765976600364,1315,1528
192,1765976600390,1775,1542
193,1765976600418,1512,1571
194,1765976600446,1418,1523
195,1765976600473,1887,1581
196,1765976600499,1390,1596
197,1765976600528,1453,1532
198,1765976600555,1802,1590
199,1765976600582,1314,1569
200,1765976600608,1613,1514
201,1765976600638,1697,1575
202,1765976600664,1291,1543
203,1765976600691,1788,1540
204,1765976600717,1471,1572
205,1765976600800,1333,1516
206,1765976600826,1466,1469
207,1765976600856,1923,1596
208,1765976600882,1326,1503
209,1765976600965,1301,1469
210,1765976600991,1784,1560
211,1765976601073,1869,1640
212,1765976601100,1383,1532
213,1765976601126,1520,1571
214,1765976601155,1920,1695
215,1765976601182,1337,1605
216,1765976601209,1632,1558
217,1765976601235,1654,1612
218,1765976601264,1296,1567
219,1765976601291,1777,1539
220,1765976601318,1511,1574
221,1765976601400,1361,1519
222,1765976601427,1501,1489
223,1765976601453,1922,1614
224,1765976601482,1331,1525
225,1765976601509,1664,1555
226,1765976601536,1704,1624
227,1765976601562,1356,1595
228,1765976601591,1741,1559
229,1765976601618,1473,1587
230,1765976601644,1343,1523
231,1765976601672,1790,1540
232,1765976601700,1400,1549
233,1765976601727,1493,1499
234,1765976601753,1845,1574
235,1765976601782,1351,1575
236,1765976601809,1664,1550
237,1765976601836,1733,1617
238,1765976601862,1321,1582
239,1765976601892,1724,1558
240,1765976601918,1498,1588
241,1765976601945,1365,1528
242,1765976601971,1836,1548
243,1765976602001,1487,1582
244,1765976602027,1578,1552
245,1765976602053,1913,1635
246,1765976602080,1418,1646
247,1765976602109,1617,1602
248,1765976602136,1776,1660
249,1765976602162,1366,1618
250,1765976602189,1737,1582
251,1765976602218,1577,1614
252,1765976602245,1300,1551
253,1765976602271,1857,1567
254,1765976602299,1410,1576
255,1765976602327,1517,1532
256,1765976602354,1896,1596
257,1765976602380,1354,1606
258,1765976602409,1523,1540
259,1765976602436,1827,1623
260,1765976602463,1311,1582
261,1765976602489,1748,1552
262,1765976602519,1597,1601
263,1765976602545,1344,1565
264,1765976602572,1822,1564
265,1765976602598,1453,1592
266,1765976602628,1404,1524
267,1765976602654,1874,1579
268,1765976602681,1294,1569
269,1765976602707,1525,1510
270,1765976602736,1707,1560
271,1765976602763,1270,1534
272,1765976602789,1718,1502
273,1765976602816,1577,1559
274,1765976602845,1267,1507
275,1765976602872,1727,1511
276,1765976602898,1386,1535
277,1765976602926,1380,1467
278,1765976602954,1841,1520
279,1765976602981,1292,1525
280,1765976603007,1539,1487
281,1765976603036,1910,1592
282,1765976603063,1295,1575
283,1765976603090,1708,1548
284,1765976603116,1533,1597
285,1765976603146,1344,1558
286,1765976603172,1785,1533
287,1765976603199,1437,1561
288,1765976603225,1359,1491
289,1765976603251,1828,1550
290,1765976603278,1452,1572
291,1765976603307,1417,1498
292,1765976603334,1872,1585
293,1765976603360,1392,1592
294,1765976603388,1553,1537
295,1765976603416,1824,1611
296,1765976603443,1288,1585
297,1765976603469,1757,1562
298,1765976603496,1716,1627
299,1765976603522,1306,1578
300,1765976603552,1594,1532
301,1765976603578,1467,1568
302,1765976603605,1291,1474
303,1765976603687,1399,1411
304,1765976603713,1883,1526
305,1765976603740,1284,1464
306,1765976603769,1534,1478
307,1765976603796,1667,1553
308,1765976603878,1480,1569
309,1765976603905,1265,1446
310,1765976603931,1770,1543
311,1765976603958,1449,1526
312,1765976603984,1333,1459
313,1765976604014,1800,1523
314,1765976604040,1312,1532
315,1765976604067,1353,1449
316,1765976604202,1217,1403
317,1765976604232,1736,1483
318,1765976604258,1458,1415
319,1765976604284,1260,1404
320,1765976604312,1776,1489
321,1765976604340,1427,1531
322,1765976604367,1495,1483
323,1765976604393,1972,1586
324,1765976604422,1363,1606
325,1765976604449,1662,1583
326,1765976604476,1742,1646
327,1765976604502,1329,1613
328,1765976604532,1689,1557
329,1765976604558,1540,1592
330,1765976604641,1513,1562
331,1765976604667,1475,1509
332,1765976604694,1904,1624
333,1765976604720,1344,1555
334,1765976604750,1636,1574
335,1765976604776,1753,1622
336,1765976604802,1348,1597
337,1765976604829,1743,1564
338,1765976604859,1487,1593
339,1765976604885,1284,1523
340,1765976604911,1831,1538
341,1765976604939,1442,1557
342,1765976604967,1459,1500
343,1765976604994,1887,1580
344,1765976605020,1367,1597
345,1765976605049,1468,1524
346,1765976605076,1763,1588
347,1765976605103,1313,1559
348,1765976605129,1760,1534
349,1765976605159,1668,1594
350,1765976605185,1321,1565
351,1765976605212,1813,1575
352,1765976605238,1381,1588
353,1765976605268,1344,1505
354,1765976605294,1853,1542
355,1765976605321,1306,1539
356,1765976605347,1536,1484
357,1765976605377,1778,1563
358,1765976605403,1299,1554
359,1765976605429,1753,1534
360,1765976605456,1607,1594
361,1765976605486,1284,1544
362,1765976605512,1824,1553
363,1765976605538,1374,1568
364,1765976605566,1280,1473
365,1765976605594,1842,1520
366,1765976605621,1254,1514
367,1765976605647,1492,1448
368,1765976605676,1918,1557
369,1765976605703,1173,1535
370,1765976605730,1697,1506
371,1765976605756,1503,1556
372,1765976605786,1201,1498
373,1765976605865,1306,1376
374,1765976605895,1838,1509
375,1765976605974,1845,1538
376,1765976606003,1305,1499
377,1765976606030,1695,1597
378,1765976606057,1542,1645
379,1765976606139,1394,1556
380,1765976606165,1398,1466
381,1765976606193,1780,1561
382,1765976606221,1367,1496
383,1765976606248,1504,1488
384,1765976606330,1732,1556
385,1765976606357,1499,1576
386,1765976606383,1348,1490
387,1765976606410,1778,1572
388,1765976606436,1602,1591
389,1765976606465,1272,1499
390,1765976606492,1828,1565
391,1765976606518,1459,1587
392,1765976606545,1397,1511
393,1765976606574,1866,1564
394,1765976606601,1307,1571
395,1765976606627,1566,1519
396,1765976606655,1888,1604
397,1765976606684,1395,1604
398,1765976606710,1772,1585
399,1765976606736,1580,1640
400,1765976606763,1296,1586
401,1765976606789,1708,1550
402,1765976606819,1620,1595
403,1765976606845,1353,1511
404,1765976606872,1802,1555
405,1765976606898,1425,1581
406,1765976606928,1445,1529
407,1765976607007,1569,1518
408,1765976607036,1748,1597
409,1765976607063,1335,1504
410,1765976607089,1714,1562
411,1765976607117,1513,1575
412,1765976607145,1363,1534
413,1765976607172,1823,1549
414,1765976607198,1409,1564
415,1765976607225,1312,1484
416,1765976607251,1852,1551
417,1765976607281,1372,1553
418,1765976607307,1494,1487
419,1765976607334,1843,1574
420,1765976607360,1327,1577
421,1765976607390,1596,1526
422,1765976607469,1715,1595
423,1765976607498,1414,1579
424,1765976607525,1312,1472
425,1765976607551,1841,1575
426,1765976607579,1396,1535
427,1765976607607,1436,1479
428,1765976607634,1780,1553
429,1765976607660,1257,1542
430,1765976607689,1414,1456
431,1765976607716,1605,1498
432,1765976607743,1131,1437
433,1765976607878,1279,1337
434,1765976607908,1234,1332
435,1765976607934,1796,1409
436,1765976607961,1157,1319
437,1765976607987,1390,1371
438,1765976608017,1587,1432
439,1765976608043,1137,1413
440,1765976608070,1702,1394
441,1765976608096,1451,1453
442,1765976608126,1167,1408
443,1765976608152,1801,1451
444,1765976608178,1251,1474
445,1765976608206,1272,1388
446,1765976608234,1762,1450
447,1765976608261,1117,1440
448,1765976608287,1484,1377
449,1765976608316,1725,1472
450,1765976608343,1146,1446
451,1765976608370,1663,1427
452,1765976608396,1424,1488
453,1765976608426,1148,1421
454,1765976608452,1795,1435
455,1765976608479,1257,1457
456,1765976608505,1323,1389
457,1765976608535,1807,1466
458,1765976608561,1243,1485
459,1765976608588,1471,1420
460,1765976608614,1767,1522
461,1765976608644,1200,1497
462,1765976608670,1698,1475
463,1765976608697,1401,1507
464,1765976608723,1168,1446
465,1765976608753,1819,1457
466,1765976608779,1285,1474
467,1765976608806,1437,1422
468,1765976608833,1864,1514
469,1765976608861,1300,1541
470,1765976608888,1549,1487
471,1765976608914,1701,1570
472,1765976608943,1255,1533
473,1765976608970,1743,1509
474,1765976608997,1466,1542
475,1765976609023,1209,1474
476,1765976609053,1763,1487
477,1765976609079,1289,1494
478,1765976609106,1350,1415
479,1765976609132,1931,1508
480,1765976609162,1298,1526
481,1765976609188,1591,1491
482,1765976609215,1703,1574
483,1765976609297,1455,1595
484,1765976609324,1263,1462
485,1765976609350,1739,1550
486,1765976609380,1363,1504
487,1765976609406,1398,1443
488,1765976609433,1917,1536
489,1765976609460,1270,1537
490,1765976609488,1540,1497
491,1765976609515,1807,1586
492,1765976609541,1251,1557
493,1765976609570,1594,1492
494,1765976609597,1487,1535
495,1765976609624,1345,1496
496,1765976609650,1816,1498
497,1765976609677,1478,1544
498,1765976609703,1244,1474
499,1765976609732,1793,1535
500,1765976609759,1296,1525
501,1765976609785,1412,1444
502,1765976609812,1934,1535
503,1765976609841,1352,1557
504,1765976609868,1619,1522
505,1765976609894,1769,1617
506,1765976609922,1303,1595
507,1765976609950,1885,1585
508,1765976609977,1555,1626
509,1765976610003,1381,1578
510,1765976610030,1860,1596
511,1765976610056,1517,1639
512,1765976610086,1328,1528
513,1765976610112,1927,1602
514,1765976610139,1335,1593
515,1765976610165,1569,1535
516,1765976610195,1868,1605
517,1765976610221,1306,1601
518,1765976610248,1670,1549
519,1765976610274,1833,1649
520,1765976610303,1260,1587
521,1765976610330,1844,1582
522,1765976610356,1500,1621
523,1765976610384,1399,1567
524,1765976610412,1902,1581
525,1765976610439,1388,1606
526,1765976610465,1525,1542
527,1765976610494,1973,1637
528,1765976610521,1348,1627
529,1765976610548,1685,1583
530,1765976610574,1706,1647
531,1765976610604,1307,1603
532,1765976610630,1812,1571
533,1765976610657,1474,1596
534,1765976610683,1311,1522
535,1765976610712,1862,1553
536,1765976610739,1335,1558
537,1765976610766,1475,1491
538,1765976610792,1976,1591
539,1765976610822,1302,1590
540,1765976610848,1701,1557
541,1765976610875,1733,1637
542,1765976610957,1484,1639
543,1765976610984,1233,1490
544,1765976611011,1847,1599
545,1765976611040,1327,1524
546,1765976611066,1456,1469
547,1765976611092,1974,1567
548,1765976611121,1337,1588
549,1765976611148,1631,1545
550,1765976611175,1676,1614
551,1765976611201,1296,1582
552,1765976611228,1662,1520
553,1765976611254,1754,1603
554,1765976611284,1317,1541
555,1765976611310,1820,1569
556,1765976611337,1476,1605
557,1765976611363,1338,1541
558,1765976611392,1931,1576
559,1765976611419,1379,1588
560,1765976611445,1531,1531
561,1765976611473,1967,1629
562,1765976611501,1360,1633
563,1765976611528,1713,1590
564,1765976611554,1655,1645
565,1765976611583,1280,1595
566,1765976611610,1779,1557
567,1765976611637,1474,1580
568,1765976611663,1393,1516
569,1765976611693,1865,1558
570,1765976611719,1384,1579
571,1765976611746,1521,1527
572,1765976611772,1936,1619
573,1765976611802,1328,1606
574,1765976611828,1743,1582
575,1765976611855,1677,1641
576,1765976611881,1294,1595
577,1765976611910,1805,1569
578,1765976611937,1455,1594
579,1765976611964,1466,1539
580,1765976611990,1875,1579
581,1765976612020,1419,1604
582,1765976612046,1593,1561
583,1765976612072,1988,1668
584,1765976612100,1347,1644
585,1765976612129,1755,1620
586,1765976612155,1710,1678
587,1765976612181,1354,1630
588,1765976612208,1780,1589
589,1765976612234,1667,1653
590,1765976612264,1297,1561
591,1765976612290,1851,1589
592,1765976612317,1444,1607
593,1765976612343,1375,1526
594,1765976612373,1986,1590
595,1765976612399,1339,1599
596,1765976612426,1496,1528
597,1765976612452,1950,1629
598,1765976612482,1313,1616
599,1765976612508,1785,1576
600,1765976612535,1633,1635
601,1765976612562,1308,1597
602,1765976612591,1871,1582
603,1765976612617,1395,1598
604,1765976612643,1392,1519
605,1765976612672,1887,1570
606,1765976612699,1336,1576
607,1765976612726,1569,1515
608,1765976612752,1923,1621
609,1765976612782,1373,1617
610,1765976612808,1783,1596
611,1765976612835,1677,1665
612,1765976612861,1352,1621
613,1765976612888,1853,1607
614,1765976612970,1888,1710
615,1765976613052,2072,1768
616,1765976613079,1419,1716
617,1765976613105,1608,1768
618,1765976613134,1979,1793
619,1765976613161,1361,1687
620,1765976613188,1895,1652
621,1765976613214,1635,1695
622,1765976613244,1291,1632
623,1765976613270,1892,1614
624,1765976613297,1489,1640
625,1765976613323,1433,1548
626,1765976613353,1964,1613
627,1765976613379,1297,1615
628,1765976613406,1670,1570
629,1765976613432,1924,1657
630,1765976613462,1329,1636
631,1765976613488,1834,1610
632,1765976613514,1624,1676
633,1765976613541,1359,1614
634,1765976613571,1902,1609
635,1765976613597,1397,1623
636,1765976613623,1443,1545
637,1765976613651,1942,1608
638,1765976613679,1408,1618
639,1765976613706,1660,1570
640,1765976613732,1868,1664
641,1765976613761,1358,1647
642,1765976613788,1810,1620
643,1765976613815,1559,1651
644,1765976613841,1380,1595
645,1765976613871,1825,1586
646,1765976613897,1431,1601
647,1765976613924,1468,1532
648,1765976613950,1936,1608
649,1765976613980,1349,1601
650,1765976614006,1663,1569
651,1765976614033,1842,1651
652,1765976614059,1346,1627
653,1765976614089,1812,1602
654,1765976614115,1535,1639
655,1765976614198,1425,1592
656,1765976614278,1378,1499
657,1765976614307,1712,1572
658,1765976614333,1739,1557
659,1765976614359,1295,1509
660,1765976614388,1660,1556
661,1765976614415,1529,1587
662,1765976614442,1357,1516
663,1765976614468,1872,1542
664,1765976614495,1482,1580
665,1765976614521,1353,1518
666,1765976614551,1892,1591
667,1765976614577,1377,1595
668,1765976614604,1533,1527
669,1765976614630,1939,1618
670,1765976614713,1774,1703
671,1765976614795,1517,1628
672,1765976614821,1347,1622
673,1765976614850,1866,1688
674,1765976614878,1386,1578
675,1765976614904,1463,1515
676,1765976614930,1941,1600
677,1765976614960,1379,1607
678,1765976614986,1614,1556
679,1765976615013,1733,1626
680,1765976615039,1304,1594
681,1765976615069,1710,1548
682,1765976615095,1460,1564
683,1765976615122,1438,1529
684,1765976615148,1886,1559
685,1765976615177,1456,1590
686,1765976615204,1521,1552
687,1765976615231,1952,1650
688,1765976615257,1356,1634
689,1765976615287,1651,1587
690,1765976615313,1644,1624
691,1765976615339,1270,1574
692,1765976615367,1775,1539
693,1765976615396,1470,1562
694,1765976615422,1344,1500
695,1765976615448,1862,1544
696,1765976615477,1386,1567
697,1765976615504,1534,1519
698,1765976615531,1873,1599
699,1765976615557,1256,1582
700,1765976615587,1499,1509
701,1765976615613,1651,1562
702,1765976615640,1276,1511
703,1765976615666,1846,1505
704,1765976615696,1565,1567
705,1765976615722,1350,1537
706,1765976615749,1916,1590
707,1765976615831,1889,1713
708,1765976615858,1293,1602
709,1765976615884,1578,1605
710,1765976615914,1687,1672
711,1765976615940,1272,1543
712,1765976615966,1808,1527
713,1765976615994,1558,1580
714,1765976616023,1349,1534
715,1765976616049,1858,1569
716,1765976616075,1318,1578
717,1765976616104,1394,1495
718,1765976616132,1775,1538
719,1765976616158,1310,1531
720,1765976616184,1624,1484
721,1765976616211,1817,1584
722,1765976616237,1259,1557
723,1765976616320,1300,1462
724,1765976616346,1717,1543
725,1765976616376,1381,1494
726,1765976616402,1340,1399
727,1765976616428,1797,1507
728,1765976616456,1249,1496
729,1765976616485,1483,1450
730,1765976616511,1761,1526
731,1765976616537,1244,1506
732,1765976616566,1593,1466
733,1765976616593,1627,1541
734,1765976616620,1236,1492
735,1765976616646,1779,1495
736,1765976616676,1442,1535
737,1765976616702,1410,1498
738,1765976616729,1850,1543
739,1765976616755,1255,1547
740,1765976616785,1427,1476
741,1765976616811,1758,1540
742,1765976616838,1229,1503
743,1765976616864,1619,1457
744,1765976616894,1553,1517
745,1765976616920,1181,1468
746,1765976616947,1887,1493
747,1765976616973,1517,1551
748,1765976617003,1368,1501
749,1765976617029,1978,1586
750,1765976617055,1308,1611
751,1765976617083,1444,1523
752,1765976617111,1823,1584
753,1765976617138,1259,1562
754,1765976617164,1734,1513
755,1765976617193,1675,1587
756,1765976617220,1241,1546
757,1765976617247,1796,1541
758,1765976617273,1331,1555
759,1765976617303,1224,1453
760,1765976617329,1831,1484
761,1765976617356,1212,1478
762,1765976617382,1422,1404
763,1765976617412,1796,1497
764,1765976617438,1163,1484
765,1765976617465,1685,1455
766,1765976617491,1514,1516
767,1765976617521,1165,1464
768,1765976617547,1730,1451
769,1765976617574,1418,1502
770,1765976617600,1307,1426
771,1765976617630,1920,1508
772,1765976617656,1264,1527
773,1765976617683,1543,1490
774,1765976617710,1851,1577
775,1765976617739,1279,1571
776,1765976617765,1766,1540
777,1765976617791,1553,1598
778,1765976617818,1275,1544
779,1765976617844,1735,1521
780,1765976617874,1725,1610
781,1765976617900,1369,1531
782,1765976617927,1887,1598
783,1765976617954,1401,1623
784,1765976617983,1422,1560
785,1765976618009,1838,1583
786,1765976618036,1231,1555
787,1765976618062,1493,1477
788,1765976618092,1633,1523
789,1765976618118,1235,1486
790,1765976618145,1741,1466
791,1765976618172,1521,1524
792,1765976618201,1309,1487
793,1765976618227,1779,1517
794,1765976618254,1294,1528
795,1765976618282,1340,1448
796,1765976618309,1896,1523
797,1765976618336,1277,1517
798,1765976618362,1584,1478
799,1765976618392,1833,1586
800,1765976618418,1190,1556
801,1765976618445,1745,1525
802,1765976618471,1450,1560
803,1765976618501,1302,1504
804,1765976618527,1811,1499
805,1765976618554,1300,1521
806,1765976618580,1328,1438
807,1765976618610,1858,1519
808,1765976618636,1236,1506
809,1765976618663,1576,1459
810,1765976618689,1769,1553
811,1765976618719,1195,1526
812,1765976618745,1744,1504
813,1765976618771,1403,1537
814,1765976618799,1253,1472
815,1765976618828,1859,1490
816,1765976618854,1289,1509
817,1765976618880,1428,1446
818,1765976618963,1581,1482
819,1765976618989,1646,1560
820,1765976619019,1175,1423
821,1765976619045,1720,1510
822,1765976619072,1419,1508
823,1765976619154,1313,1454
824,1765976619181,1427,1410
825,1765976619207,1909,1557
826,1765976619237,1274,1468
827,1765976619263,1654,1515
828,1765976619290,1648,1582
829,1765976619316,1289,1554
830,1765976619346,1754,1523
831,1765976619372,1442,1557
832,1765976619399,1267,1480
833,1765976619426,1800,1510
834,1765976619455,1319,1516
835,1765976619481,1471,1459
836,1765976619507,1852,1541
837,1765976619536,1286,1545
838,1765976619564,1581,1501
839,1765976619590,1575,1553
840,1765976619616,1211,1501
841,1765976619643,1586,1447
842,1765976619669,1565,1503
843,1765976619699,1233,1434
844,1765976619725,1751,1469
845,1765976619752,1327,1492
846,1765976619778,1238,1422
847,1765976619808,1866,1483
848,1765976619834,1247,1485
849,1765976619861,1422,1420
850,1765976619888,1870,1528
851,1765976619917,1249,1530
852,1765976619943,1645,1486
853,1765976619970,1537,1544
854,1765976619998,1172,1494
855,1765976620026,1786,1477
856,1765976620052,1339,1495
857,1765976620078,1316,1430
858,1765976620108,1790,1480
859,1765976620134,1223,1490
860,1765976620161,1477,1429
861,1765976620187,1884,1538
862,1765976620217,1243,1523
863,1765976620243,1705,1506
864,1765976620270,1531,1568
865,1765976620296,1261,1524
866,1765976620326,1797,1507
867,1765976620352,1302,1519
868,1765976620379,1361,1450
869,1765976620405,1874,1519
870,1765976620435,1325,1531
871,1765976620461,1562,1484
872,1765976620488,1861,1596
873,1765976620515,1307,1585
874,1765976620543,1740,1559
875,1765976620570,1573,1608
876,1765976620596,1233,1542
877,1765976620625,1781,1526
878,1765976620652,1312,1527
879,1765976620732,1288,1437
880,1765976620758,1289,1380
881,1765976620841,1529,1439
882,1765976620867,1769,1437
883,1765976620897,1183,1411
884,1765976620923,1810,1516
885,1765976620950,1543,1566
886,1765976620977,1222,1505
887,1765976621005,1833,1518
888,1765976621032,1342,1550
889,1765976621059,1341,1456
890,1765976621087,1822,1512
891,1765976621114,1247,1517
892,1765976621141,1569,1464
893,1765976621220,1535,1502
894,1765976621250,1613,1557
895,1765976621276,1204,1433
896,1765976621303,1755,1535
897,1765976621329,1475,1516
898,1765976621359,1308,1471
899,1765976621385,1873,1523
900,1765976621412,1327,1547
901,1765976621439,1355,1467
902,1765976621468,1808,1534
903,1765976621494,1192,1511
904,1765976621521,1560,1448
905,1765976621549,1756,1534
906,1765976621576,1228,1508
907,1765976621603,1743,1495
908,1765976621685,1887,1634
909,1765976621712,1260,1574
910,1765976621738,1364,1496
911,1765976621768,1885,1627
912,1765976621794,1212,1521
913,1765976621821,1646,1473
914,1765976621847,1718,1565
915,1765976621877,1220,1536
916,1765976621903,1789,1517
917,1765976621930,1425,1559
918,1765976621956,1222,1474
919,1765976621986,1923,1515
920,1765976622012,1311,1534
921,1765976622039,1432,1462
922,1765976622066,2030,1583
923,1765976622095,1323,1603
924,1765976622121,1669,1553
925,1765976622147,1763,1643
926,1765976622230,1473,1651
927,1765976622256,1322,1510
928,1765976622283,1885,1622
929,1765976622309,1489,1586
930,1765976622339,1399,1513
931,1765976622365,2022,1623
932,1765976622392,1338,1626
933,1765976622418,1506,1550
934,1765976622501,1777,1608
935,1765976622528,1708,1670
936,1765976622610,1504,1566
937,1765976622638,1363,1571
938,1765976622666,1928,1656
939,1765976622692,1275,1555
940,1765976622718,1428,1499
941,1765976622745,1993,1597
942,1765976622771,1334,1591
943,1765976622801,1603,1526
944,1765976622827,1787,1629
945,1765976622854,1313,1606
946,1765976622880,1656,1538
947,1765976622910,1655,1602
948,1765976622936,1356,1553
949,1765976622963,1922,1580
950,1765976622990,1522,1622
951,1765976623019,1494,1589
952,1765976623045,1989,1656
953,1765976623071,1320,1649
954,1765976623098,1400,1545
955,1765976623124,1931,1626
956,1765976623154,1253,1578
957,1765976623180,1654,1511
958,1765976623207,1751,1597
959,1765976623233,1336,1585
960,1765976623263,1863,1571
961,1765976623289,1568,1634
962,1765976623316,1282,1560
963,1765976623342,1863,1582
964,1765976623372,1386,1592
965,1765976623398,1460,1511
966,1765976623425,1977,1593
967,1765976623452,1289,1595
968,1765976623481,1628,1548
969,1765976623507,1695,1609
970,1765976623534,1259,1569
971,1765976623562,1684,1511
972,1765976623590,1501,1553
973,1765976623616,1255,1478
974,1765976623642,1832,1506
975,1765976623672,1406,1535
976,1765976623698,1392,1477
977,1765976623725,1916,1560
978,1765976623807,1741,1657
979,1765976623834,1286,1548
980,1765976623860,1781,1623
981,1765976623890,1510,1646
982,1765976623916,1362,1536
983,1765976623943,1918,1571
984,1765976623969,1450,1604
985,1765976623999,1516,1551
986,1765976624025,1987,1646
987,1765976624051,1381,1650
988,1765976624079,1583,1583
989,1765976624108,1803,1654
990,1765976624134,1296,1610
991,1765976624161,1835,1579
992,1765976624187,1801,1663
993,1765976624213,1276,1602
994,1765976624243,1787,1599
995,1765976624269,1470,1633
996,1765976624352,1388,1544
997,1765976624378,1606,1505
998,1765976624405,1924,1635
999,1765976624431,1373,1552
1000,1765976624461,1720,1602
1001,1765976624487,1701,1664
1002,1765976624514,1310,1605
1003,1765976624541,1876,1596
1004,1765976624570,1550,1631
1005,1765976624596,1425,1572
1006,1765976624622,1937,1619
1007,1765976624651,1478,1653
1008,1765976624678,1537,1585
1009,1765976624705,2008,1677
1010,1765976624731,1399,1671
1011,1765976624761,1592,1602
1012,1765976624787,1770,1661
1013,1765976624814,1371,1628
1014,1765976624840,1914,1609
1015,1765976624870,1631,1655
1016,1765976624896,1430,1623
1017,1765976624923,2018,1672
1018,1765976624949,1398,1678
1019,1765976624979,1610,1617
1020,1765976625005,1885,1668
1021,1765976625032,1379,1658
1022,1765976625058,1646,1583
1023,1765976625141,1828,1669
1024,1765976625168,1551,1657
1025,1765976625197,1434,1567
1026,1765976625223,1935,1678
1027,1765976625250,1399,1629
1028,1765976625278,1448,1553
1029,1765976625306,1947,1632
1030,1765976625388,1907,1727
1031,1765976625414,1331,1606
1032,1765976625441,1860,1698
1033,1765976625467,1552,1719
1034,1765976625497,1395,1609
1035,1765976625523,1954,1618
1036,1765976625550,1354,1623
1037,1765976625576,1498,1550
1038,1765976625606,1997,1639
1039,1765976625632,1380,1636
1040,1765976625659,1733,1592
1041,1765976625685,1769,1675
1042,1765976625715,1401,1656
1043,1765976625741,1868,1630
1044,1765976625768,1519,1658
1045,1765976625795,1337,1578
1046,1765976625824,2034,1631
1047,1765976625850,1358,1623
1048,1765976625877,1590,1567
1049,1765976625905,2005,1664
1050,1765976625932,1330,1663
1051,1765976625959,1738,1604
1052,1765976625985,1728,1678
1053,1765976626015,1334,1627
1054,1765976626041,1870,1600
1055,1765976626068,1496,1633
1056,1765976626094,1368,1559
1057,1765976626124,1910,1595
1058,1765976626150,1315,1591
1059,1765976626177,1618,1541
1060,1765976626203,2026,1647
1061,1765976626233,1365,1646
1062,1765976626259,1815,1627
1063,1765976626286,1697,1704
1064,1765976626312,1366,1653
1065,1765976626342,1890,1626
1066,1765976626368,1431,1639
1067,1765976626395,1486,1574
1068,1765976626422,2012,1637
1069,1765976626451,1434,1650
1070,1765976626477,1626,1597
1071,1765976626504,1971,1705
1072,1765976626532,1387,1686
1073,1765976626560,1838,1651
1074,1765976626586,1677,1699
1075,1765976626612,1344,1643
1076,1765976626642,1919,1633
1077,1765976626668,1513,1658
1078,1765976626695,1421,1574
1079,1765976626721,1943,1628
1080,1765976626751,1419,1643
1081,1765976626777,1636,1586
1082,1765976626804,1947,1673
1083,1765976626830,1371,1663
1084,1765976626860,1757,1626
1085,1765976626886,1649,1672
1086,1765976626913,1338,1612
1087,1765976626939,1913,1605
1088,1765976626969,1452,1621
1089,1765976627049,1416,1553
1090,1765976627078,1599,1543
1091,1765976627104,1915,1659
1092,1765976627186,1641,1604
1093,1765976627213,1314,1577
1094,1765976627239,1901,1674
1095,1765976627269,1548,1663
1096,1765976627296,1420,1564
1097,1765976627322,2010,1638
1098,1765976627348,1424,1660
1099,1765976627378,1536,1587
1100,1765976627404,1885,1655
1101,1765976627431,1318,1634
1102,1765976627457,1699,1572
1103,1765976627487,1668,1621
1104,1765976627513,1388,1591
1105,1765976627540,1998,1614
1106,1765976627566,1514,1653
1107,1765976627596,1442,1602
1108,1765976627622,2022,1672
1109,1765976627649,1347,1664
1110,1765976627676,1496,1564
1111,1765976627705,1956,1652
1112,1765976627731,1369,1638
1113,1765976627757,1865,1606
1114,1765976627786,1779,1693
1115,1765976627814,1328,1659
1116,1765976627840,1942,1656
1117,1765976627866,1473,1677
1118,1765976627896,1427,1589
1119,1765976627922,2029,1639
1120,1765976627949,1432,1660
1121,1765976627975,1538,1579
1122,1765976628005,2080,1701
1123,1765976628031,1377,1691
1124,1765976628058,1834,1652
1125,1765976628084,1731,1712
1126,1765976628114,1338,1672
1127,1765976628140,1899,1635
1128,1765976628167,1536,1667
1129,1765976628193,1456,1592
1130,1765976628223,2076,1661
1131,1765976628249,1392,1671
1132,1765976628276,1633,1618
1133,1765976628303,2044,1720
1134,1765976628332,1428,1714
1135,1765976628358,1883,1676
1136,1765976628385,1676,1732
1137,1765976628411,1439,1694
1138,1765976628437,1878,1660
1139,1765976628467,1736,1722
1140,1765976628546,1471,1640
1141,1765976628576,1416,1588
1142,1765976628602,1996,1699
1143,1765976628629,1366,1597
1144,1765976628655,1607,1571
1145,1765976628685,1875,1652
1146,1765976628711,1257,1620
1147,1765976628847,1421,1505
1148,1765976628875,1427,1517
1149,1765976628903,1952,1586
1150,1765976628929,1318,1475
1151,1765976628956,1594,1542
1152,1765976628985,1947,1647
1153,1765976629012,1293,1620
1154,1765976629038,1797,1589
1155,1765976629064,1595,1645
1156,1765976629094,1256,1577
1157,1765976629120,1970,1582
1158,1765976629147,1371,1597
1159,1765976629173,1397,1517
1160,1765976629203,1920,1582
1161,1765976629229,1297,1591
1162,1765976629256,1606,1518
1163,1765976629282,1896,1623
1164,1765976629312,1270,1597
1165,1765976629338,1837,1581
1166,1765976629365,1536,1629
1167,1765976629392,1287,1565
1168,1765976629421,1969,1579
1169,1765976629447,1386,1603
1170,1765976629474,1423,1520
1171,1765976629500,1974,1607
1172,1765976629526,1340,1618
1173,1765976629556,1293,1483
1174,1765976629582,1937,1593
1175,1765976629609,1260,1560
1176,1765976629635,1613,1488
1177,1765976629665,1694,1559
1178,1765976629691,1252,1551
1179,1765976629718,1887,1541
1180,1765976629744,1525,1594
1181,1765976629774,1335,1538
1182,1765976629800,1955,1590
1183,1765976629827,1348,1610
1184,1765976629854,1425,1517
1185,1765976629883,1939,1600
1186,1765976629909,1308,1595
1187,1765976629936,1702,1544
1188,1765976629964,1813,1637
1189,1765976629992,1267,1605
1190,1765976630018,1827,1583
1191,1765976630044,1489,1619
1192,1765976630074,1212,1521
1193,1765976630101,1910,1541
1194,1765976630127,1326,1552
1195,1765976630153,1429,1473
1196,1765976630183,1994,1574
1197,1765976630209,1285,1588
1198,1765976630236,1686,1544
1199,1765976630262,1694,1617
1200,1765976630292,1261,1584
1201,1765976630319,1826,1550
1202,1765976630401,1953,1684
1203,1765976630427,1363,1619
1204,1765976630454,1489,1578
1205,1765976630481,1990,1724
1206,1765976630510,1344,1627
1207,1765976630536,1744,1586
1208,1765976630563,1729,1659
1209,1765976630591,1331,1627
1210,1765976630618,1863,1602
1211,1765976630645,1482,1629
1212,1765976630671,1352,1551
1213,1765976630698,1902,1586
1214,1765976630780,2048,1729
1215,1765976630863,1943,1745
1216,1765976630889,1352,1719
1217,1765976630916,1767,1802
1218,1765976630943,1768,1775
1219,1765976630972,1383,1642
1220,1765976630998,1900,1634
1221,1765976631025,1472,1658
1222,1765976631053,1380,1580
1223,1765976631081,2015,1630
1224,1765976631107,1407,1634
1225,1765976631133,1591,1573
1226,1765976631163,2009,1680
1227,1765976631189,1355,1675
1228,1765976631216,1809,1634
1229,1765976631242,1754,1703
1230,1765976631272,1375,1660
1231,1765976631298,1942,1647
1232,1765976631325,1503,1676
1233,1765976631352,1413,1597
1234,1765976631381,2065,1659
1235,1765976631407,1355,1655
1236,1765976631434,1650,1597
1237,1765976631460,2044,1705
1238,1765976631490,1417,1706
1239,1765976631516,1890,1671
1240,1765976631543,1746,1749
1241,1765976631570,1373,1694
1242,1765976631599,1992,1683
1243,1765976631625,1511,1702
1244,1765976631652,1446,1613
1245,1765976631734,1628,1590
1246,1765976631761,1976,1710
1247,1765976631787,1373,1586
1248,1765976631813,1566,1597
1249,1765976631843,1888,1686
1250,1765976631869,1357,1632
1251,1765976631896,1881,1613
1252,1765976631922,1690,1676
1253,1765976631952,1361,1635
1254,1765976631978,1913,1640
1255,1765976632005,1498,1668
1256,1765976632032,1389,1570
1257,1765976632061,2001,1632
1258,1765976632087,1397,1639
1259,1765976632114,1613,1579
1260,1765976632142,2013,1682
1261,1765976632170,1372,1679
1262,1765976632196,1789,1636
1263,1765976632222,1637,1684
1264,1765976632249,1328,1627
1265,1765976632275,1814,1588
1266,1765976632305,1537,1621
1267,1765976632331,1385,1540
1268,1765976632358,1912,1595
1269,1765976632384,1414,1612
1270,1765976632414,1480,1545
1271,1765976632494,1573,1552
1272,1765976632523,1867,1649
1273,1765976632604,1624,1591
1274,1765976632632,1348,1578
1275,1765976632658,1934,1669
1276,1765976632685,1448,1644
1277,1765976632714,1379,1546
1278,1765976632741,1977,1617
1279,1765976632767,1347,1617
1280,1765976632793,1607,1551
1281,1765976632823,1965,1655
1282,1765976632849,1330,1645
1283,1765976632876,1851,1620
1284,1765976632902,1588,1668
1285,1765976632932,1342,1615
1286,1765976632958,1954,1613
1287,1765976632985,1482,1643
1288,1765976633011,1511,1575
1289,1765976633041,1953,1648
1290,1765976633067,1353,1650
1291,1765976633094,1675,1594
1292,1765976633121,1907,1679
1293,1765976633150,1343,1646
1294,1765976633176,1867,1629
1295,1765976633203,1607,1679
1296,1765976633229,1349,1614
1297,1765976633255,1878,1608
1298,1765976633285,1643,1668
1299,1765976633311,1408,1577
1300,1765976633338,1943,1644
1301,1765976633365,1474,1669
1302,1765976633394,1441,1581
1303,1765976633420,1867,1626
1304,1765976633447,1373,1619
1305,1765976633529,1310,1493
1306,1765976633556,1905,1579
1307,1765976633583,1638,1618
1308,1765976633612,1359,1517
1309,1765976633638,1946,1631
1310,1765976633665,1444,1658
1311,1765976633747,1373,1552
1312,1765976633773,1698,1564
1313,1765976633800,2001,1692
1314,1765976633826,1411,1585
1315,1765976633856,1807,1658
1316,1765976633882,1707,1724
1317,1765976633909,1424,1670
1318,1765976633935,1960,1661
1319,1765976633965,1523,1684
1320,1765976634045,1446,1612
1321,1765976634074,1621,1594
1322,1765976634100,1917,1693
1323,1765976634127,1361,1573
1324,1765976634153,1621,1593
1325,1765976634180,1974,1698
1326,1765976634209,1371,1648
1327,1765976634235,1807,1626
1328,1765976634262,1653,1685
1329,1765976634289,1302,1621
1330,1765976634318,1833,1593
1331,1765976634345,1375,1594
1332,1765976634371,1421,1516
1333,1765976634397,1944,1575
1334,1765976634427,1387,1592
1335,1765976634453,1617,1548
1336,1765976634480,1882,1650
1337,1765976634507,1343,1634
1338,1765976634536,1829,1611
1339,1765976634562,1611,1656
1340,1765976634589,1301,1593
1341,1765976634617,1832,1583
1342,1765976634645,1409,1596
1343,1765976634671,1418,1514
1344,1765976634698,1914,1574
1345,1765976634727,1367,1588
1346,1765976634754,1591,1539
1347,1765976634780,1821,1622
1348,1765976634807,1308,1600
1349,1765976634889,1251,1467
1350,1765976634915,1851,1564
1351,1765976634945,1408,1527
1352,1765976634971,1407,1445
1353,1765976634998,1964,1576
1354,1765976635024,1352,1596
1355,1765976635054,1551,1536
1356,1765976635080,1794,1613
1357,1765976635107,1300,1592
1358,1765976635135,1643,1528
1359,1765976635163,1582,1574
1360,1765976635189,1232,1510
1361,1765976635216,1863,1524
1362,1765976635242,1542,1572
1363,1765976635268,1266,1497
1364,1765976635298,1836,1547
1365,1765976635324,1364,1574
1366,1765976635351,1412,1484
1367,1765976635377,1957,1567
1368,1765976635407,1328,1579
1369,1765976635433,1640,1540
1370,1765976635516,1811,1629
1371,1765976635542,1526,1652
1372,1765976635569,1283,1517
1373,1765976635596,1868,1625
1374,1765976635625,1399,1577
1375,1765976635651,1431,1501
1376,1765976635678,1907,1577
1377,1765976635706,1325,1586
1378,1765976635734,1636,1539
1379,1765976635760,1814,1622
1380,1765976635787,1317,1599
1381,1765976635816,1712,1560
1382,1765976635843,1546,1605
1383,1765976635869,1371,1552
1384,1765976635896,1884,1566
1385,1765976635925,1558,1614
1386,1765976635951,1539,1579
1387,1765976635978,1965,1663
1388,1765976636004,1378,1664
1389,1765976636034,1671,1622
1390,1765976636060,1883,1687
1391,1765976636087,1389,1657
1392,1765976636114,1819,1628
1393,1765976636143,1592,1670
1394,1765976636169,1474,1631
1395,1765976636196,1962,1647
1396,1765976636223,1540,1677
1397,1765976636252,1577,1629
1398,1765976636278,2120,1734
1399,1765976636305,1436,1727
1400,1765976636333,1613,1657
1401,1765976636361,1937,1736
1402,1765976636387,1423,1705
1403,1765976636414,1930,1667
1404,1765976636440,1868,1754
1405,1765976636467,1408,1713
1406,1765976636496,1899,1705
1407,1765976636522,1610,1743
1408,1765976636549,1407,1638
1409,1765976636575,1944,1653
1410,1765976636605,1485,1669
1411,1765976636631,1569,1603
1412,1765976636658,1987,1678
1413,1765976636685,1415,1680
1414,1765976636714,1791,1649
1415,1765976636740,1819,1716
1416,1765976636767,1292,1660
1417,1765976636795,1822,1627
1418,1765976636823,1593,1663
1419,1765976636849,1340,1573
1420,1765976636876,1935,1596
1421,1765976636902,1513,1640
1422,1765976636929,1367,1549
1423,1765976636958,2046,1640
1424,1765976636984,1435,1659
1425,1765976637011,1596,1591
1426,1765976637093,1804,1649
1427,1765976637121,1769,1730
1428,1765976637202,1520,1624
1429,1765976637229,1440,1625
1430,1765976637257,1986,1703
1431,1765976637285,1429,1628
1432,1765976637311,1659,1606
1433,1765976637338,2119,1726
1434,1765976637367,1447,1728
1435,1765976637394,1841,1699
1436,1765976637420,1850,1783
1437,1765976637446,1420,1735
1438,1765976637476,1899,1691
1439,1765976637502,1583,1718
1440,1765976637529,1452,1640
1441,1765976637556,2004,1671
1442,1765976637585,1457,1679
1443,1765976637611,1666,1632
1444,1765976637638,1987,1713
1445,1765976637664,1414,1705
1446,1765976637694,1806,1666
1447,1765976637720,1792,1733
1448,1765976637747,1397,1679
1449,1765976637775,1890,1659
1450,1765976637803,1590,1695
1451,1765976637829,1443,1622
1452,1765976637856,1982,1660
1453,1765976637884,1524,1685
1454,1765976637912,1664,1640
1455,1765976637938,2014,1725
1456,1765976637965,1423,1721
1457,1765976637991,1683,1661
1458,1765976638018,2018,1760
1459,1765976638047,1407,1709
1460,1765976638073,1840,1674
1461,1765976638100,1798,1749
1462,1765976638127,1392,1691
1463,1765976638156,1964,1680
1464,1765976638182,1570,1712
1465,1765976638209,1449,1634
1466,1765976638236,1969,1668
1467,1765976638265,1460,1682
1468,1765976638291,1653,1620
1469,1765976638318,2021,1710
1470,1765976638346,1441,1708
1471,1765976638374,1882,1691
1472,1765976638400,1741,1747
1473,1765976638480,1777,1772
1474,1765976638509,1376,1643
1475,1765976638535,1954,1746
1476,1765976638562,1601,1689
1477,1765976638589,1521,1645
1478,1765976638618,2072,1704
1479,1765976638644,1454,1720
1480,1765976638671,1715,1672
1481,1765976638699,2038,1760
1482,1765976638727,1407,1737
1483,1765976638753,1887,1700
1484,1765976638780,1723,1754
1485,1765976638808,1447,1700
1486,1765976638836,1997,1692
1487,1765976638862,1506,1712
1488,1765976638889,1513,1637
1489,1765976638915,2031,1698
1490,1765976638942,1516,1712
1491,1765976638971,1526,1618
1492,1765976638998,2057,1728
1493,1765976639024,1396,1705
1494,1765976639050,1565,1612
1495,1765976639080,1939,1696
1496,1765976639106,1419,1675
1497,1765976639133,1871,1638
1498,1765976639160,1704,1699
1499,1765976639189,1480,1682
1500,1765976639215,1904,1675
1501,1765976639242,1489,1689
1502,1765976639270,1397,1594
1503,1765976639298,2008,1655
1504,1765976639324,1386,1636
1505,1765976639351,1645,1585
1506,1765976639377,1993,1685
1507,1765976639403,1426,1691
1508,1765976639433,1617,1613
1509,1765976639512,1852,1706
1510,1765976639542,1560,1689
1511,1765976639568,1380,1567
1512,1765976639595,1954,1672
1513,1765976639622,1446,1638
1514,1765976639651,1555,1579
1515,1765976639677,1953,1657
1516,1765976639704,1351,1651
1517,1765976639732,1611,1583
1518,1765976639760,1815,1657
1519,1765976639786,1367,1619
1520,1765976639813,1884,1605
1521,1765976639839,1724,1680
1522,1765976639865,1336,1625
1523,1765976639895,1916,1645
1524,1765976639921,1548,1681
1525,1765976639948,1430,1590
1526,1765976639974,1898,1625
1527,1765976640004,1429,1644
1528,1765976640085,1341,1529
1529,1765976640113,1675,1554
1530,1765976640139,1758,1620
1531,1765976640166,1299,1500
1532,1765976640194,1876,1589
1533,1765976640275,2004,1722
1534,1765976640301,1490,1685
1535,1765976640327,1313,1596
1536,1765976640410,1561,1648
1537,1765976640437,2007,1675
1538,1765976640466,1361,1546
1539,1765976640492,1802,1608
1540,1765976640519,1702,1686
1541,1765976640547,1304,1635
1542,1765976640575,1868,1607
1543,1765976640601,1465,1628
1544,1765976640628,1417,1551
1545,1765976640656,1936,1598
1546,1765976640684,1409,1619
1547,1765976640710,1553,1556
1548,1765976640737,1895,1642
1549,1765976640766,1384,1635
1550,1765976640793,1732,1594
1551,1765976640819,1700,1652
1552,1765976640846,1322,1606
1553,1765976640875,1891,1605
1554,1765976640901,1461,1621
1555,1765976640984,1382,1551
1556,1765976641010,1594,1530
1557,1765976641037,1968,1659
1558,1765976641064,1346,1550
1559,1765976641093,1711,1600
1560,1765976641119,1701,1664
1561,1765976641146,1398,1624
1562,1765976641173,1869,1605
1563,1765976641202,1540,1643
1564,1765976641228,1454,1592
1565,1765976641255,2008,1653
1566,1765976641283,1430,1660
1567,1765976641311,1628,1612
1568,1765976641337,1906,1685
1569,1765976641364,1349,1664
1570,1765976641393,1636,1589
1571,1765976641420,1669,1637
1572,1765976641446,1370,1586
1573,1765976641473,1879,1580
1574,1765976641502,1636,1638
1575,1765976641529,1393,1589
1576,1765976641555,2062,1668
1577,1765976641582,1410,1676
1578,1765976641664,1420,1584
1579,1765976641746,1369,1530
1580,1765976641773,1934,1639
1581,1765976641800,1616,1549
1582,1765976641829,1500,1567
1583,1765976641855,2019,1687
1584,1765976641882,1429,1699
1585,1765976641908,1378,1588
1586,1765976641935,2008,1666
1587,1765976641964,1493,1665
1588,1765976642043,1407,1543
1589,1765976642073,1848,1626
1590,1765976642099,1696,1690
1591,1765976642126,1393,1567
1592,1765976642153,1928,1654
1593,1765976642182,1556,1684
1594,1765976642208,1478,1610
1595,1765976642235,2063,1683
1596,1765976642263,1442,1693
1597,1765976642291,1669,1641
1598,1765976642317,1965,1723
1599,1765976642344,1363,1700
1600,1765976642372,1662,1620
1601,1765976642400,1684,1668
1602,1765976642426,1313,1597
1603,1765976642453,1935,1591
1604,1765976642482,1603,1639
1605,1765976642509,1446,1596
1606,1765976642535,2031,1665
1607,1765976642562,1414,1685
1608,1765976642591,1509,1600
1609,1765976642618,1941,1668
1610,1765976642644,1413,1661
1611,1765976642671,1761,1607
1612,1765976642700,1748,1674
1613,1765976642726,1431,1658
1614,1765976642753,1994,1669
1615,1765976642780,1645,1715
1616,1765976642809,1565,1676
1617,1765976642835,2177,1762
1618,1765976642862,1498,1775
1619,1765976642890,1617,1700
1620,1765976642918,2062,1783
1621,1765976642944,1474,1765
1622,1765976642971,1897,1709
1623,1765976642999,2040,1818
1624,1765976643027,1405,1775
1625,1765976643109,1443,1651
1626,1765976643136,2158,1788
1627,1765976643162,1518,1712
1628,1765976643189,1607,1626
1629,1765976643218,2126,1770
1630,1765976643297,1912,1864
1631,1765976643327,1424,1717
1632,1765976643353,1975,1808
1633,1765976643436,2091,1905
1634,1765976643462,1504,1781
1635,1765976643489,1688,1736
1636,1765976643516,2177,1887
1637,1765976643545,1495,1791
1638,1765976643627,1481,1669
1639,1765976643654,2030,1774
1640,1765976643680,1612,1759
1641,1765976643707,1532,1630
1642,1765976643736,2040,1739
1643,1765976643763,1518,1746
1644,1765976643789,1672,1674
1645,1765976643816,2092,1770
1646,1765976643845,1510,1766
1647,1765976643872,1882,1734
1648,1765976643898,1834,1798
1649,1765976643924,1423,1748
1650,1765976643954,2020,1733
1651,1765976643980,1621,1756
1652,1765976644007,1466,1672
1653,1765976644033,2031,1712
1654,1765976644063,1489,1725
1655,1765976644089,1706,1662
1656,1765976644116,2097,1757
1657,1765976644144,1497,1764
1658,1765976644172,1863,1730
1659,1765976644198,1841,1800
1660,1765976644225,1420,1743
1661,1765976644253,1950,1714
1662,1765976644281,1628,1740
1663,1765976644307,1493,1666
1664,1765976644334,2081,1714
1665,1765976644363,1593,1749
1666,1765976644390,1631,1685
1667,1765976644416,2146,1788
1668,1765976644443,1461,1782
1669,1765976644472,1672,1700
1670,1765976644499,1821,1746
1671,1765976644525,1422,1704
1672,1765976644552,1962,1667
1673,1765976644581,1835,1742
1674,1765976644607,1453,1698
1675,1765976644634,2055,1745
1676,1765976644661,1567,1774
1677,1765976644690,1648,1711
1678,1765976644717,2054,1755
1679,1765976644743,1500,1764
1680,1765976644771,1742,1702
1681,1765976644799,1892,1767
1682,1765976644825,1482,1734
1683,1765976644852,1960,1715
1684,1765976644880,1714,1758
1685,1765976644961,1539,1717
1686,1765976644990,1557,1650
1687,1765976645017,2106,1775
1688,1765976645043,1460,1675
1689,1765976645069,1754,1683
1690,1765976645099,1988,1773
1691,1765976645126,1441,1749
1692,1765976645152,1968,1722
1693,1765976645179,1696,1769
1694,1765976645208,1526,1723
1695,1765976645234,2049,1736
1696,1765976645261,1562,1760
1697,1765976645288,1592,1685
1698,1765976645370,1782,1702
1699,1765976645398,1958,1788
1700,1765976645426,1478,1674
1701,1765976645452,1917,1745
1702,1765976645479,1677,1762
1703,1765976645505,1426,1691
1704,1765976645531,1951,1689
1705,1765976645561,1730,1740
1706,1765976645587,1569,1670
1707,1765976645614,2079,1751
1708,1765976645640,1522,1770
1709,1765976645670,1574,1694
1710,1765976645696,2009,1750
1711,1765976645723,1387,1714
1712,1765976645749,1683,1635
1713,1765976645779,1853,1701
1714,1765976645805,1464,1679
1715,1765976645832,1920,1661
1716,1765976645859,1665,1717
1717,1765976645888,1508,1682
1718,1765976645914,2048,1721
1719,1765976645941,1432,1714
1720,1765976645969,1510,1632
1721,1765976645997,1982,1696
1722,1765976646023,1406,1675
1723,1765976646051,1723,1610
1724,1765976646079,1960,1716
1725,1765976646106,1406,1695
1726,1765976646132,1910,1681
1727,1765976646159,1606,1721
1728,1765976646188,1421,1660
1729,1765976646215,2028,1674
1730,1765976646241,1455,1684
1731,1765976646268,1507,1603
1732,1765976646297,1973,1676
1733,1765976646324,1402,1673
1734,1765976646350,1742,1615
1735,1765976646376,1899,1704
1736,1765976646406,1347,1672
1737,1765976646432,1921,1662
1738,1765976646459,1588,1699
1739,1765976646487,1409,1632
1740,1765976646515,2039,1660
1741,1765976646541,1504,1692
1742,1765976646568,1535,1615
1743,1765976646596,1979,1693
1744,1765976646624,1415,1694
1745,1765976646650,1727,1632
1746,1765976646677,1864,1704
1747,1765976646703,1385,1674
1748,1765976646730,1703,1618
1749,1765976646759,1773,1690
1750,1765976646785,1406,1626
1751,1765976646812,1953,1644
1752,1765976646839,1670,1701
1753,1765976646868,1444,1649
1754,1765976646894,2038,1702
1755,1765976646921,1493,1719
1756,1765976646949,1506,1630
1757,1765976646977,1966,1689
1758,1765976647003,1407,1682
1759,1765976647030,1743,1623
1760,1765976647056,1932,1710
1761,1765976647083,1409,1691
1762,1765976647112,1659,1630
1763,1765976647139,1711,1690
1764,1765976647165,1370,1616
1765,1765976647192,1900,1609
1766,1765976647221,1557,1639
1767,1765976647247,1457,1599
1768,1765976647274,1966,1650
1769,1765976647301,1471,1670
1770,1765976647383,1393,1568
1771,1765976647411,1706,1598
1772,1765976647439,1781,1663
1773,1765976647465,1357,1541
1774,1765976647492,1892,1625
1775,1765976647520,1677,1682
1776,1765976647548,1402,1621
1777,1765976647574,1978,1661
1778,1765976647601,1462,1682
1779,1765976647630,1435,1590
1780,1765976647657,1988,1653
1781,1765976647683,1409,1654
1782,1765976647709,1685,1595
1783,1765976647739,1911,1685
1784,1765976647766,1344,1667
1785,1765976647792,1910,1651
1786,1765976647819,1618,1693
1787,1765976647901,1393,1635
1788,1765976647928,1418,1536
1789,1765976647957,1892,1646
1790,1765976647983,1311,1526
1791,1765976648010,1734,1549
1792,1765976648092,1824,1635
1793,1765976648119,1481,1648
1794,1765976648147,1299,1529
1795,1765976648175,1956,1658
1796,1765976648201,1361,1584
1797,1765976648228,1448,1509
1798,1765976648254,1893,1591
1799,1765976648281,1400,1611
1800,1765976648310,1486,1517
1801,1765976648336,1871,1619
1802,1765976648363,1314,1592
1803,1765976648390,1614,1537
1804,1765976648419,1719,1600
1805,1765976648445,1332,1570
1806,1765976648472,1866,1569
1807,1765976648500,1590,1624
1808,1765976648528,1430,1587
1809,1765976648554,1931,1629
1810,1765976648581,1339,1631
1811,1765976648609,1448,1547
1812,1765976648637,1958,1621
1813,1765976648663,1345,1604
1814,1765976648690,1693,1556
1815,1765976648716,1952,1679
1816,1765976648743,1374,1664
1817,1765976648772,1691,1611
1818,1765976648798,1640,1670
1819,1765976648825,1312,1593
1820,1765976648852,1789,1561
1821,1765976648881,1510,1588
1822,1765976648907,1383,1526
1823,1765976648934,1880,1574
1824,1765976648962,1395,1591
1825,1765976648990,1528,1539
1826,1765976649016,1878,1612
1827,1765976649043,1319,1600
1828,1765976649071,1549,1533
1829,1765976649099,1626,1580
1830,1765976649125,1219,1518
1831,1765976649152,1856,1513
1832,1765976649178,1570,1564
1833,1765976649205,1290,1512
1834,1765976649234,1831,1553
1835,1765976649261,1445,1598
1836,1765976649287,1332,1493
1837,1765976649314,1843,1548
1838,1765976649343,1309,1552
1839,1765976649369,1533,1492
1840,1765976649505,1253,1454
1841,1765976649587,1327,1453
1842,1765976649667,1339,1352
1843,1765976649749,1538,1398
1844,1765976649776,1954,1482
1845,1765976649805,1296,1490
1846,1765976649886,1313,1488
1847,1765976649914,1820,1584
1848,1765976649940,1471,1570
1849,1765976649967,1366,1453
1850,1765976649993,1889,1571
1851,1765976650020,1485,1606
1852,1765976650049,1320,1506
1853,1765976650076,1963,1604
1854,1765976650102,1348,1601
1855,1765976650129,1544,1532
1856,1765976650158,1865,1608
1857,1765976650185,1287,1601
1858,1765976650211,1705,1549
1859,1765976650238,1683,1616
1860,1765976650267,1302,1568
1861,1765976650294,1878,1571
1862,1765976650320,1435,1600
1863,1765976650348,1278,1515
1864,1765976650376,2018,1582
1865,1765976650402,1374,1596
1866,1765976650429,1523,1525
1867,1765976650457,1926,1623
1868,1765976650485,1276,1623
1869,1765976650511,1686,1557
1870,1765976650538,1694,1621
1871,1765976650564,1364,1589
1872,1765976650591,1726,1549
1873,1765976650620,1850,1664
1874,1765976650647,1342,1595
1875,1765976650673,1924,1641
1876,1765976650700,1480,1664
1877,1765976650729,1395,1598
1878,1765976650755,1949,1618
1879,1765976650782,1347,1619
1880,1765976650810,1489,1532
1881,1765976650838,2000,1636
1882,1765976650864,1363,1629
1883,1765976650891,1758,1591
1884,1765976650920,1816,1685
1885,1765976650947,1434,1674
1886,1765976650973,1927,1659
1887,1765976651000,1584,1703
1888,1765976651029,1529,1658
1889,1765976651056,2077,1710
1890,1765976651082,1475,1718
1891,1765976651109,1644,1661
1892,1765976651138,2110,1767
1893,1765976651165,1462,1753
1894,1765976651191,1825,1703
1895,1765976651218,1871,1782
1896,1765976651247,1498,1753
1897,1765976651274,2003,1731
1898,1765976651300,1666,1772
1899,1765976651327,1483,1704
1900,1765976651409,1675,1665
1901,1765976651437,2126,1790
1902,1765976651518,1797,1749
1903,1765976651544,1478,1711
1904,1765976651571,1765,1768
1905,1765976651600,1902,1813
1906,1765976651627,1429,1674
1907,1765976651653,2043,1723
1908,1765976651680,1597,1747
1909,1765976651709,1541,1702
1910,1765976651736,2048,1731
1911,1765976651762,1505,1746
1912,1765976651789,1582,1654
1913,1765976651871,1803,1695
1914,1765976651899,1844,1756
1915,1765976651927,1467,1640
1916,1765976651953,1955,1730
1917,1765976651980,1581,1730
1918,1765976652008,1429,1655
1919,1765976652036,1988,1684
1920,1765976652062,1462,1683
1921,1765976652089,1567,1605
1922,1765976652115,2050,1699
1923,1765976652142,1448,1703
1924,1765976652171,1641,1633
1925,1765976652198,1954,1732
1926,1765976652224,1441,1706
1927,1765976652251,1723,1641
1928,1765976652280,1775,1706
1929,1765976652306,1422,1663
1930,1765976652333,1990,1670
1931,1765976652415,2029,1787
1932,1765976652442,1468,1736
1933,1765976652471,1542,1690
1934,1765976652498,2028,1811
1935,1765976652524,1474,1708
1936,1765976652551,1780,1658
1937,1765976652580,1977,1760
1938,1765976652607,1425,1736
1939,1765976652633,1945,1720
1940,1765976652660,1640,1753
1941,1765976652689,1513,1700
1942,1765976652716,2087,1722
1943,1765976652742,1507,1738
1944,1765976652769,1531,1655
1945,1765976652851,1745,1676
1946,1765976652878,1877,1749
1947,1765976652907,1435,1619
1948,1765976652934,1990,1715
1949,1765976652960,1615,1732
1950,1765976652988,1490,1681
1951,1765976653016,2044,1714
1952,1765976653098,2048,1837
1953,1765976653125,1461,1731
1954,1765976653151,1736,1755
1955,1765976653178,1906,1839
1956,1765976653207,1444,1719
1957,1765976653234,1938,1697
1958,1765976653260,1661,1737
1959,1765976653287,1481,1686
1960,1765976653316,1960,1696
1961,1765976653343,1488,1705
1962,1765976653369,1669,1651
1963,1765976653396,2016,1722
1964,1765976653425,1449,1716
1965,1765976653452,1730,1670
1966,1765976653478,1940,1760
1967,1765976653505,1454,1717
1968,1765976653534,1911,1696
1969,1765976653560,1673,1741
1970,1765976653587,1474,1690
1971,1765976653615,1976,1697
1972,1765976653643,1555,1717
1973,1765976653669,1528,1641
1974,1765976653696,2071,1720
1975,1765976653725,1424,1710
1976,1765976653752,1738,1663
1977,1765976653778,1953,1742
1978,1765976653805,1434,1724
1979,1765976653831,1745,1658
1980,1765976653913,1934,1760
1981,1765976653940,1699,1753
1982,1765976653967,1428,1648
1983,1765976653996,2025,1766
1984,1765976654023,1499,1717
1985,1765976654049,1570,1644
1986,1765976654077,2106,1725
1987,1765976654105,1500,1740
1988,1765976654131,1711,1677
1989,1765976654214,1906,1758
1990,1765976654240,1625,1769
1991,1765976654267,1416,1631
1992,1765976654296,1924,1716
1993,1765976654323,1489,1672
1994,1765976654349,1495,1589
1995,1765976654376,2064,1677
1996,1765976654405,1470,1688
1997,1765976654432,1673,1638
1998,1765976654514,1794,1699
1999,1765976654540,1606,1721
2000,1765976654567,1403,1589
2001,1765976654594,1909,1677
2002,1765976654623,1490,1640
2003,1765976654704,1481,1577
2004,1765976654785,1310,1518
2005,1765976654814,1564,1550
2006,1765976654841,1595,1488
2007,1765976654867,1283,1446
2008,1765976654894,1813,1513
2009,1765976654923,1519,1554
2010,1765976654950,1359,1513
2011,1765976654976,1931,1581
2012,1765976655003,1327,1589
2013,1765976655032,1378,1502
2014,1765976655059,1815,1562
2015,1765976655085,1266,1543
2016,1765976655112,1610,1479
2017,1765976655141,1603,1534
2018,1765976655168,1281,1515
2019,1765976655194,1818,1515
2020,1765976655221,1461,1554
2021,1765976655250,1264,1485
2022,1765976655276,1904,1545
2023,1765976655303,1254,1540
2024,1765976655331,1291,1434
2025,1765976655359,1867,1516
2026,1765976655385,1231,1509
2027,1765976655412,1624,1453
2028,1765976655441,1809,1564
2029,1765976655468,1219,1550
2030,1765976655494,1745,1525
2031,1765976655521,1429,1565
2032,1765976655550,1269,1494
2033,1765976655577,1905,1513
2034,1765976655603,1289,1527
2035,1765976655630,1415,1461
2036,1765976655659,1895,1554
2037,1765976655686,1292,1559
2038,1765976655712,1679,1514
2039,1765976655739,1819,1620
2040,1765976655768,1237,1584
2041,1765976655795,1823,1570
2042,1765976655821,1478,1607
2043,1765976655848,1240,1519
2044,1765976655877,1911,1537
2045,1765976655903,1313,1553
2046,1765976655930,1429,1474
2047,1765976655958,1921,1562
2048,1765976655986,1299,1574
2049,1765976656013,1635,1519
2050,1765976656039,1680,1592
2051,1765976656067,1227,1552
2052,1765976656095,1775,1523
2053,1765976656121,1461,1555
2054,1765976656148,1266,1481
2055,1765976656174,1834,1512
2056,1765976656201,1550,1577
2057,1765976656230,1317,1485
2058,1765976656257,1929,1579
2059,1765976656283,1420,1610
2060,1765976656310,1377,1518
2061,1765976656339,1929,1594
2062,1765976656366,1297,1590
2063,1765976656392,1632,1531
2064,1765976656420,1930,1633
2065,1765976656448,1253,1608
2066,1765976656474,1782,1578
2067,1765976656501,1555,1630
2068,1765976656530,1267,1557
2069,1765976656557,1871,1545
2070,1765976656583,1351,1565
2071,1765976656610,1351,1479
2072,1765976656636,1827,1533
2073,1765976656663,1414,1562
2074,1765976656692,1482,1485
2075,1765976656718,1922,1599
2076,1765976656745,1276,1584
2077,1765976656772,1513,1521
2078,1765976656801,1713,1581
2079,1765976656828,1249,1534
2080,1765976656854,1769,1504
2081,1765976656937,1840,1616
2082,1765976656963,1321,1578
2083,1765976656992,1392,1514
2084,1765976657019,1865,1637
2085,1765976657045,1274,1538
2086,1765976657072,1576,1485
2087,1765976657101,1938,1609
2088,1765976657128,1365,1603
2089,1765976657154,1796,1589
2090,1765976657181,1752,1685
2091,1765976657207,1305,1631
2092,1765976657234,1749,1593
2093,1765976657263,1632,1646
2094,1765976657290,1348,1557
2095,1765976657316,1867,1580
2096,1765976657344,1468,1612
2097,1765976657372,1516,1566
2098,1765976657398,1992,1638
2099,1765976657425,1387,1646
2100,1765976657454,1569,1586
2101,1765976657481,1885,1669
2102,1765976657507,1359,1638
2103,1765976657534,1817,1603
2104,1765976657560,1817,1689
2105,1765976657587,1383,1652
2106,1765976657616,1940,1663
2107,1765976657643,1597,1710
2108,1765976657669,1396,1626
2109,1765976657696,1904,1644
2110,1765976657725,1502,1667
2111,1765976657752,1532,1586
2112,1765976657778,2089,1684
2113,1765976657806,1431,1691
2114,1765976657834,1704,1651
2115,1765976657860,1923,1735
2116,1765976657940,1878,1805
2117,1765976657969,1468,1680
2118,1765976657996,1959,1786
2119,1765976658078,2002,1846
2120,1765976658105,1497,1760
2121,1765976658131,1558,1696
2122,1765976658158,2158,1834
2123,1765976658187,1485,1740
2124,1765976658214,1781,1695
2125,1765976658240,1973,1791
2126,1765976658268,1478,1775
2127,1765976658296,1949,1733
2128,1765976658322,1701,1776
2129,1765976658349,1427,1705
2130,1765976658378,1989,1708
2131,1765976658405,1544,1722
2132,1765976658431,1611,1654
2133,1765976658458,2041,1722
2134,1765976658487,1568,1750
2135,1765976658514,1725,1697
2136,1765976658540,1981,1785
2137,1765976658567,1470,1757
2138,1765976658596,1775,1703
2139,1765976658623,1692,1728
2140,1765976658649,1487,1681
2141,1765976658676,1944,1673
2142,1765976658705,1561,1691
2143,1765976658732,1527,1642
2144,1765976658758,2053,1714
2145,1765976658785,1514,1719
2146,1765976658814,1717,1674
2147,1765976658841,1986,1759
2148,1765976658867,1495,1753
2149,1765976658895,1782,1698
2150,1765976658923,1784,1752
2151,1765976658949,1506,1710
2152,1765976658976,1974,1708
2153,1765976659005,1650,1739
2154,1765976659085,1493,1681
2155,1765976659220,2007,1726
2156,1765976659247,1464,1717
2157,1765976659276,1830,1688
2158,1765976659357,1956,1750
2159,1765976659385,1614,1774
2160,1765976659411,1525,1677
2161,1765976659438,1971,1779
2162,1765976659466,1566,1726
2163,1765976659494,1668,1668
2164,1765976659520,1966,1739
2165,1765976659547,1469,1728
2166,1765976659573,1600,1653
2167,1765976659600,2051,1750
2168,1765976659629,1459,1709
2169,1765976659709,1401,1596
2170,1765976659738,1905,1683
2171,1765976659765,1585,1680
2172,1765976659791,1519,1573
2173,1765976659819,1983,1678
2174,1765976659847,1461,1690
2175,1765976659873,1606,1630
2176,1765976659900,2021,1718
2177,1765976659926,1468,1707
2178,1765976659953,1588,1628
2179,1765976659982,2033,1743
2180,1765976660009,1475,1717
2181,1765976660035,1812,1675
2182,1765976660062,1839,1749
2183,1765976660091,1409,1713
2184,1765976660118,1931,1693
2185,1765976660144,1557,1709
2186,1765976660171,1447,1636
2187,1765976660200,2064,1681
2188,1765976660227,1482,1696
2189,1765976660253,1599,1629
2190,1765976660281,2066,1731
2191,1765976660362,1815,1805
2192,1765976660391,1384,1669
2193,1765976660418,1931,1759
2194,1765976660444,1624,1764
2195,1765976660471,1442,1639
2196,1765976660500,1972,1670
2197,1765976660527,1527,1699
2198,1765976660553,1603,1633
2199,1765976660580,2132,1735
2200,1765976660609,1437,1734
2201,1765976660636,1678,1675
2202,1765976660662,1915,1753
2203,1765976660689,1433,1719
2204,1765976660718,1823,1657
2205,1765976660745,1628,1695
2206,1765976660771,1404,1640
2207,1765976660798,1959,1649
2208,1765976660827,1533,1669
2209,1765976660853,1584,1621
2210,1765976660880,2051,1706
2211,1765976660908,1479,1721
2212,1765976660936,1752,1679
2213,1765976661018,1732,1719
2214,1765976661098,1995,1801
2215,1765976661124,1684,1728
2216,1765976661151,1492,1731
2217,1765976661180,2060,1792
2218,1765976661207,1534,1753
2219,1765976661233,1556,1665
2220,1765976661260,2155,1759
2221,1765976661289,1510,1763
2222,1765976661316,1768,1704
2223,1765976661342,2028,1803
2224,1765976661370,1442,1780
2225,1765976661398,1900,1729
2226,1765976661424,1712,1770
2227,1765976661451,1405,1697
2228,1765976661480,1995,1690
2229,1765976661507,1587,1719
2230,1765976661533,1527,1645
2231,1765976661560,2140,1730
2232,1765976661586,1538,1757
2233,1765976661613,1530,1664
2234,1765976661642,2081,1763
2235,1765976661669,1486,1755
2236,1765976661751,1437,1614
2237,1765976661778,1936,1694
2238,1765976661804,1792,1746
2239,1765976661832,1441,1618
2240,1765976661860,2081,1737
2241,1765976661886,1588,1767
2242,1765976661913,1589,1698
2243,1765976661995,1498,1639
2244,1765976662022,2086,1768
2245,1765976662048,1535,1659
2246,1765976662075,1658,1673
2247,1765976662104,1998,1755
2248,1765976662130,1458,1747
2249,1765976662157,1913,1712
2250,1765976662184,1862,1777
2251,1765976662213,1511,1748
2252,1765976662239,2014,1751
2253,1765976662266,1583,1776
2254,1765976662294,1532,1700
2255,1765976662322,2172,1762
2256,1765976662348,1534,1767
2257,1765976662375,1711,1706
2258,1765976662404,2210,1831
2259,1765976662484,1838,1893
2260,1765976662513,1481,1754
2261,1765976662540,1973,1842
2262,1765976662675,1648,1830
2263,1765976662702,2063,1800
2264,1765976662731,1433,1719
2265,1765976662758,1836,1790
2266,1765976662784,1867,1769
2267,1765976662811,1397,1719
2268,1765976662840,1913,1689
2269,1765976662867,1656,1733
2270,1765976662893,1446,1655
2271,1765976662921,2001,1682
2272,1765976662949,1494,1702
2273,1765976662975,1670,1653
2274,1765976663002,2143,1750
2275,1765976663031,1462,1754
2276,1765976663058,1826,1719
2277,1765976663084,1871,1794
2278,1765976663111,1446,1749
2279,1765976663140,1887,1698
2280,1765976663167,1673,1740
2281,1765976663193,1463,1668
2282,1765976663220,2037,1701
2283,1765976663249,1564,1724
2284,1765976663276,1628,1673
2285,1765976663302,2050,1748
2286,1765976663329,1447,1745
2287,1765976663358,1747,1687
2288,1765976663385,2030,1780
2289,1765976663411,1486,1752
2290,1765976663438,1846,1711
2291,1765976663467,1707,1763
2292,1765976663494,1483,1710
2293,1765976663520,2025,1709
2294,1765976663548,1598,1731
2295,1765976663576,1609,1684
2296,1765976663602,2115,1766
2297,1765976663629,1463,1762
2298,1765976663658,1614,1679
2299,1765976663738,1889,1738
2300,1765976663767,1918,1799
2301,1765976663794,1483,1673
2302,1765976663820,2013,1783
2303,1765976663847,1609,1782
2304,1765976663876,1505,1705
2305,1765976663903,2173,1756
2306,1765976663929,1456,1751
2307,1765976663956,1664,1681
2308,1765976663985,2117,1783
2309,1765976664012,1467,1775
2310,1765976664038,1872,1715
2311,1765976664065,1951,1814
2312,1765976664094,1475,1776
2313,1765976664121,2037,1760
2314,1765976664147,1685,1804
2315,1765976664175,1423,1714
2316,1765976664203,2084,1740
2317,1765976664230,1541,1754
2318,1765976664256,1662,1679
2319,1765976664285,2053,1752
2320,1765976664421,1948,1857
2321,1765976664447,1622,1765
2322,1765976664474,1469,1750
2323,1765976664503,1985,1815
2324,1765976664530,1512,1707
2325,1765976664556,1716,1660
2326,1765976664583,2137,1763
2327,1765976664612,1546,1779
2328,1765976664639,1820,1746
2329,1765976664665,1909,1825
2330,1765976664692,1469,1776
2331,1765976664721,1937,1736
2332,1765976664748,1631,1753
2333,1765976664774,1493,1687
2334,1765976664802,2027,1711
2335,1765976664830,1567,1731
2336,1765976664856,1677,1679
2337,1765976664883,2173,1787
2338,1765976664909,1572,1803
2339,1765976664936,1592,1716
2340,1765976664965,2132,1829
2341,1765976664992,1504,1794
2342,1765976665018,1830,1726
2343,1765976665045,1935,1798
2344,1765976665074,1444,1769
2345,1765976665101,1952,1733
2346,1765976665127,1705,1773
2347,1765976665154,1538,1714
2348,1765976665183,2056,1739
2349,1765976665210,1549,1760
2350,1765976665236,1646,1698
2351,1765976665264,2178,1793
2352,1765976665292,1520,1789
2353,1765976665374,1460,1670
2354,1765976665401,1992,1759
2355,1765976665427,1713,1772
2356,1765976665454,1502,1637
2357,1765976665480,1914,1716
2358,1765976665507,1680,1760
2359,1765976665536,1412,1644
2360,1765976665563,2018,1705
2361,1765976665589,1560,1716
2362,1765976665672,1471,1628
2363,1765976665754,1445,1581
2364,1765976665836,1397,1578
2365,1765976665863,2018,1578
2366,1765976665889,1502,1566
2367,1765976665916,1528,1578
2368,1765976665942,2027,1694
2369,1765976665969,1539,1722
2370,1765976665998,1647,1648
2371,1765976666025,2067,1761
2372,1765976666051,1492,1754
2373,1765976666134,1503,1649
2374,1765976666160,1904,1722
2375,1765976666188,1789,1751
2376,1765976666216,1504,1638
2377,1765976666243,1934,1726
2378,1765976666269,1497,1725
2379,1765976666298,1485,1641
2380,1765976666325,2079,1699
2381,1765976666351,1446,1688
2382,1765976666378,1700,1641
2383,1765976666407,2049,1751
2384,1765976666434,1405,1735
2385,1765976666460,1874,1694
2386,1765976666487,1764,1758
2387,1765976666516,1448,1708
2388,1765976666543,1979,1694
2389,1765976666569,1564,1725
2390,1765976666596,1471,1645
2391,1765976666625,2062,1704
2392,1765976666652,1473,1709
2393,1765976666678,1662,1646
2394,1765976666705,2060,1745
2395,1765976666734,1426,1736
2396,1765976666761,1933,1710
2397,1765976666787,1831,1782
2398,1765976666815,1387,1727
2399,1765976666843,2002,1715
2400,1765976666870,1605,1751
2401,1765976666896,1520,1669
2402,1765976666925,1989,1700
2403,1765976666952,1477,1718
2404,1765976666979,1657,1649
2405,1765976667005,2073,1743
2406,1765976667034,1474,1734
2407,1765976667061,1817,1699
2408,1765976667087,1836,1771
2409,1765976667114,1455,1731
2410,1765976667143,1850,1686
2411,1765976667170,1615,1714
2412,1765976667196,1476,1646
2413,1765976667223,1987,1676
2414,1765976667252,1616,1708
2415,1765976667279,1619,1662
2416,1765976667305,2111,1761
2417,1765976667332,1494,1765
2418,1765976667361,1764,1720
2419,1765976667388,1875,1772
2420,1765976667414,1473,1743
2421,1765976667442,1894,1700
2422,1765976667470,1733,1747
2423,1765976667497,1486,1692
2424,1765976667523,2036,1724
2425,1765976667552,1618,1753
2426,1765976667579,1584,1691
2427,1765976667605,2110,1766
2428,1765976667632,1491,1767
2429,1765976667714,1495,1659
2430,1765976667741,1805,1697
2431,1765976667767,1928,1765
2432,1765976667794,1461,1636
2433,1765976667823,1939,1725
2434,1765976667850,1654,1757
2435,1765976667876,1521,1700
2436,1765976667904,1999,1714
2437,1765976667932,1538,1730
2438,1765976667958,1597,1661
2439,1765976667985,2051,1741
2440,1765976668014,1481,1733
2441,1765976668041,1742,1681
2442,1765976668067,1860,1746
2443,1765976668094,1438,1714
2444,1765976668120,1755,1655
2445,1765976668147,1986,1756
2446,1765976668176,1417,1691
2447,1765976668203,1931,1705
2448,1765976668229,1682,1754
2449,1765976668256,1469,1697
2450,1765976668285,2029,1705
2451,1765976668312,1539,1730
2452,1765976668338,1598,1663
2453,1765976668366,2082,1743
2454,1765976668394,1475,1744
2455,1765976668420,1728,1684
2456,1765976668447,1977,1772
2457,1765976668476,1430,1738
2458,1765976668503,1867,1695
2459,1765976668529,1684,1737
2460,1765976668556,1430,1677
2461,1765976668585,1914,1665
2462,1765976668612,1547,1688
2463,1765976668638,1549,1624
2464,1765976668665,2001,1688
2465,1765976668694,1495,1701
2466,1765976668721,1786,1675
2467,1765976668747,2009,1768
2468,1765976668774,1482,1754
2469,1765976668803,1939,1742
2470,1765976668830,1737,1790
2471,1765976668856,1455,1724
2472,1765976668883,2015,1725
2473,1765976668912,1581,1745
2474,1765976668939,1549,1667
2475,1765976668965,2119,1743
2476,1765976668993,1504,1753
2477,1765976669021,1749,1700
2478,1765976669047,1982,1780
2479,1765976669074,1482,1767
2480,1765976669156,1493,1642
2481,1765976669183,1956,1732
2482,1765976669209,1778,1738
2483,1765976669236,1507,1643
2484,1765976669265,1986,1744
2485,1765976669292,1590,1763
2486,1765976669318,1581,1688
2487,1765976669345,2079,1748
2488,1765976669374,1507,1748
2489,1765976669401,1722,1695
2490,1765976669427,2029,1783
2491,1765976669455,1516,1770
2492,1765976669483,1928,1740
2493,1765976669510,1833,1805
2494,1765976669536,1444,1750
2495,1765976669565,1994,1743
2496,1765976669592,1660,1771
2497,1765976669618,1618,1709
2498,1765976669645,2044,1752
2499,1765976669674,1615,1786
2500,1765976669701,1688,1725
2501,1765976669727,2130,1819
2502,1765976669754,1490,1793
2503,1765976669783,1841,1752
2504,1765976669810,1846,1799
2505,1765976669836,1492,1759
2506,1765976669863,1951,1724
2507,1765976669892,1635,1753
2508,1765976669919,1594,1703
2509,1765976669945,2143,1763
2510,1765976669972,1580,1780
2511,1765976670001,1698,1730
2512,1765976670028,2081,1819
2513,1765976670054,1555,1811
2514,1765976670082,1739,1730
2515,1765976670110,1927,1800
2516,1765976670137,1467,1753
2517,1765976670163,2018,1741
2518,1765976670192,1753,1780
2519,1765976670219,1519,1736
2520,1765976670245,2054,1762
2521,1765976670272,1615,1791
2522,1765976670298,1558,1699
2523,1765976670325,2063,1761
2524,1765976670354,1526,1763
2525,1765976670381,1668,1686
2526,1765976670407,2150,1793
2527,1765976670434,1548,1791
2528,1765976670463,1798,1738
2529,1765976670490,1914,1815
2530,1765976670516,1507,1783
2531,1765976670544,1949,1743
2532,1765976670572,1680,1769
2533,1765976670654,1609,1731
2534,1765976670734,1538,1656
2535,1765976670760,1690,1693
2536,1765976670787,2211,1745
2537,1765976670816,1487,1707
2538,1765976670843,1891,1763
2539,1765976670869,1998,1855
2540,1765976670896,1517,1820
2541,1765976670925,1969,1772
2542,1765976670952,1632,1801
2543,1765976670978,1512,1725
2544,1765976671006,2073,1740
2545,1765976671034,1570,1751
2546,1765976671061,1627,1682
2547,1765976671087,2092,1774
2548,1765976671116,1494,1771
2549,1765976671143,1775,1711
2550,1765976671169,1891,1775
2551,1765976671196,1503,1751
2552,1765976671225,1889,1710
2553,1765976671252,1716,1754
2554,1765976671278,1562,1712
2555,1765976671305,2019,1737
2556,1765976671334,1657,1768
2557,1765976671361,1613,1713
2558,1765976671387,2111,1792
2559,1765976671414,1541,1788
2560,1765976671443,1785,1741
2561,1765976671470,2001,1810
2562,1765976671496,1498,1787
2563,1765976671523,1853,1735
2564,1765976671553,1729,1773
2565,1765976671579,1541,1724
2566,1765976671605,2055,1735
2567,1765976671633,1627,1761
2568,1765976671661,1568,1704
2569,1765976671688,2115,1781
2570,1765976671714,1487,1770
2571,1765976671743,1616,1682
2572,1765976671770,2051,1767
2573,1765976671796,1435,1740
2574,1765976671823,1914,1700
2575,1765976671852,1933,1789
2576,1765976671879,1464,1759
2577,1765976671905,2011,1751
2578,1765976671932,1587,1781
2579,1765976671961,1476,1694
2580,1765976671988,2079,1723
2581,1765976672014,1508,1732
2582,1765976672041,1631,1656
2583,1765976672070,2112,1761
2584,1765976672097,1450,1756
2585,1765976672123,1858,1711
2586,1765976672150,1811,1772
2587,1765976672179,1433,1732
2588,1765976672206,1998,1710
2589,1765976672232,1649,1749
2590,1765976672260,1462,1670
2591,1765976672288,2137,1735
2592,1765976672315,1507,1750
2593,1765976672394,1464,1643
2594,1765976672423,1654,1644
2595,1765976672450,1963,1745
2596,1765976672532,1777,1673
2597,1765976672559,1378,1647
2598,1765976672585,2024,1759
2599,1765976672612,1642,1756
2600,1765976672694,1505,1665
2601,1765976672722,1583,1626
2602,1765976672750,1998,1750
2603,1765976672776,1561,1657
2604,1765976672803,1851,1699
2605,1765976672829,2088,1816
2606,1765976672856,1451,1789
2607,1765976672885,1779,1746
2608,1765976672912,1773,1788
2609,1765976672938,1469,1712
2610,1765976672965,1996,1693
2611,1765976672994,1618,1727
2612,1765976673021,1529,1677
2613,1765976673047,2101,1742
2614,1765976673074,1538,1756
2615,1765976673103,1655,1688
2616,1765976673130,1974,1759
2617,1765976673156,1488,1751
2618,1765976673184,1785,1688
2619,1765976673212,1765,1733
2620,1765976673239,1464,1695
2621,1765976673265,1946,1689
2622,1765976673291,1810,1754
2623,1765976673318,1377,1672
2624,1765976673347,1899,1699
2625,1765976673374,1527,1711
2626,1765976673400,1453,1613
2627,1765976673427,1958,1642
2628,1765976673456,1454,1658
2629,1765976673536,1451,1568
2630,1765976673565,1738,1610
2631,1765976673592,1740,1668
2632,1765976673618,1467,1570
2633,1765976673646,1913,1661
2634,1765976673674,1617,1695
2635,1765976673701,1456,1638
2636,1765976673727,1964,1683
2637,1765976673756,1490,1688
2638,1765976673783,1578,1621
2639,1765976673809,2002,1698
2640,1765976673836,1397,1686
2641,1765976673865,1645,1622
2642,1765976673892,1828,1690
2643,1765976673918,1428,1660
2644,1765976673945,1894,1638
2645,1765976673974,1643,1687
2646,1765976674001,1383,1635
2647,1765976674027,1961,1661
2648,1765976674054,1505,1677
2649,1765976674083,1574,1613
2650,1765976674110,1984,1681
2651,1765976674136,1423,1689
2652,1765976674163,1585,1614
2653,1765976674192,1829,1679
2654,1765976674219,1395,1643
2655,1765976674245,1848,1616
2656,1765976674273,1638,1659
2657,1765976674301,1420,1626
2658,1765976674327,1937,1647
2659,1765976674354,1483,1665
2660,1765976674383,1508,1597
2661,1765976674410,1989,1667
2662,1765976674437,1404,1664
2663,1765976674463,1691,1615
2664,1765976674492,2009,1720
2665,1765976674519,1424,1703
2666,1765976674545,1882,1682
2667,1765976674572,1685,1738
2668,1765976674601,1382,1676
2669,1765976674628,1925,1659
2670,1765976674654,1464,1667
2671,1765976674681,1449,1581
2672,1765976674763,1617,1567
2673,1765976674790,1981,1687
2674,1765976674819,1441,1590
2675,1765976674846,1828,1663
2676,1765976674872,1665,1706
2677,1765976674900,1398,1662
2678,1765976674928,1888,1644
2679,1765976674955,1478,1651
2680,1765976674981,1443,1574
2681,1765976675063,1582,1557
2682,1765976675090,1861,1650
2683,1765976675119,1409,1554
2684,1765976675146,1733,1605
2685,1765976675172,1647,1646
2686,1765976675199,1365,1603
2687,1765976675228,1819,1594
2688,1765976675255,1465,1605
2689,1765976675281,1396,1538
2690,1765976675308,1909,1590
2691,1765976675446,1701,1658
2692,1765976675473,1639,1622
2693,1765976675499,1318,1592
2694,1765976675527,1769,1667
2695,1765976675555,1494,1584
2696,1765976675582,1345,1513
2697,1765976675608,1925,1570
2698,1765976675637,1413,1589
2699,1765976675664,1501,1535
2700,1765976675691,1785,1593
2701,1765976675717,1383,1601
2702,1765976675746,1587,1533
2703,1765976675773,1665,1584
2704,1765976675799,1277,1539
2705,1765976675826,1773,1537
2706,1765976675855,1575,1575
2707,1765976675882,1388,1535
2708,1765976675908,1867,1576
2709,1765976675935,1394,1599
2710,1765976675964,1518,1548
2711,1765976675991,1861,1605
2712,1765976676017,1332,1594
2713,1765976676044,1557,1532
2714,1765976676073,1719,1597
2715,1765976676100,1255,1544
2716,1765976676126,1773,1527
2717,1765976676154,1532,1567
2718,1765976676182,1313,1518
2719,1765976676209,1789,1532
2720,1765976676235,1338,1549
2721,1765976676264,1361,1466
2722,1765976676291,1774,1515
2723,1765976676318,1284,1509
2724,1765976676344,1542,1459
2725,1765976676373,1868,1565
2726,1765976676400,1228,1539
2727,1765976676426,1733,1531
2728,1765976676453,1511,1576
2729,1765976676482,1310,1530
2730,1765976676509,1788,1514
2731,1765976676535,1317,1531
2732,1765976676562,1301,1445
2733,1765976676591,1815,1506
2734,1765976676618,1286,1501
2735,1765976676644,1521,1448
2736,1765976676671,1761,1536
2737,1765976676700,1240,1524
2738,1765976676727,1700,1501
2739,1765976676753,1457,1535
2740,1765976676781,1199,1471
2741,1765976676809,1766,1472
2742,1765976676836,1377,1499
2743,1765976676862,1327,1425
2744,1765976676891,1855,1504
2745,1765976676918,1276,1520
2746,1765976676945,1521,1471
2747,1765976677027,1689,1533
2748,1765976677054,1552,1578
2749,1765976677080,1172,1442
2750,1765976677109,1710,1528
2751,1765976677136,1329,1490
2752,1765976677162,1347,1422
2753,1765976677189,1792,1470
2754,1765976677218,1315,1498
2755,1765976677245,1482,1453
2756,1765976677271,1801,1547
2757,1765976677298,1278,1533
2758,1765976677327,1666,1508
2759,1765976677354,1505,1546
2760,1765976677380,1241,1498
2761,1765976677408,1776,1493
2762,1765976677436,1405,1518
2763,1765976677463,1328,1451
2764,1765976677489,1747,1499
2765,1765976677515,1353,1521
2766,1765976677542,1263,1419
2767,1765976677624,1491,1436
2768,1765976677651,1851,1541
2769,1765976677680,1239,1439
2770,1765976677707,1686,1506
2771,1765976677733,1556,1564
2772,1765976677760,1317,1529
2773,1765976677789,1784,1516
2774,1765976677816,1401,1548
2775,1765976677842,1361,1483
2776,1765976677870,1850,1542
2777,1765976677898,1318,1542
2778,1765976677924,1519,1489
2779,1765976677951,1866,1582
2780,1765976677980,1289,1568
2781,1765976678007,1666,1531
2782,1765976678034,1598,1587
2783,1765976678060,1316,1547
2784,1765976678090,1739,1521
2785,1765976678116,1471,1558
2786,1765976678142,1330,1490
2787,1765976678169,1749,1521
2788,1765976678195,1427,1543
2789,1765976678222,1406,1476
2790,1765976678251,1921,1566
2791,1765976678278,1376,1575
2792,1765976678304,1568,1539
2793,1765976678332,1948,1643
2794,1765976678360,1366,1635
2795,1765976678387,1717,1595
2796,1765976678413,1603,1640
2797,1765976678442,1299,1586
2798,1765976678469,1810,1559
2799,1765976678496,1524,1590
2800,1765976678522,1474,1542
2801,1765976678551,1869,1595
2802,1765976678578,1342,1603
2803,1765976678604,1570,1555
2804,1765976678631,1866,1624
2805,1765976678660,1370,1603
2806,1765976678687,1740,1577
2807,1765976678713,1669,1643
2808,1765976678740,1326,1594
2809,1765976678822,1327,1486
2810,1765976678849,1959,1604
2811,1765976678878,1370,1530
2812,1765976678905,1546,1505
2813,1765976678931,1967,1633
2814,1765976678959,1408,1650
2815,1765976678987,1736,1605
2816,1765976679014,1778,1687
2817,1765976679040,1409,1659
2818,1765976679069,1860,1638
2819,1765976679096,1514,1659
2820,1765976679123,1437,1599
2821,1765976679149,1930,1630
2822,1765976679175,1465,1641
2823,1765976679202,1390,1547
2824,1765976679231,2003,1645
2825,1765976679258,1395,1636
2826,1765976679284,1575,1565
2827,1765976679311,2008,1674
2828,1765976679340,1391,1674
2829,1765976679367,1733,1620
2830,1765976679393,1750,1691
2831,1765976679421,1318,1640
2832,1765976679449,2000,1638
2833,1765976679476,1570,1674
2834,1765976679502,1416,1610
2835,1765976679528,1972,1655
2836,1765976679555,1569,1705
2837,1765976679584,1390,1583
2838,1765976679611,2031,1675
2839,1765976679637,1455,1683
2840,1765976679664,1548,1598
2841,1765976679693,2041,1693
2842,1765976679720,1413,1697
2843,1765976679746,1788,1649
2844,1765976679773,1851,1728
2845,1765976679802,1437,1706
2846,1765976679829,1963,1690
2847,1765976679855,1603,1728
2848,1765976679883,1384,1647
2849,1765976679911,2096,1696
2850,1765976679938,1443,1697
2851,1765976679964,1573,1619
2852,1765976679993,2066,1712
2853,1765976680020,1440,1723
2854,1765976680047,1797,1663
2855,1765976680073,1863,1747
2856,1765976680102,1378,1708
2857,1765976680129,1934,1682
2858,1765976680155,1563,1707
2859,1765976680182,1447,1637
2860,1765976680211,1990,1662
2861,1765976680238,1473,1681
2862,1765976680264,1506,1595
2863,1765976680291,2018,1686
2864,1765976680320,1413,1680
2865,1765976680347,1788,1639
2866,1765976680373,1875,1720
2867,1765976680400,1424,1703
2868,1765976680482,1413,1582
2869,1765976680510,1961,1692
2870,1765976680591,2089,1752
2871,1765976680620,1445,1666
2872,1765976680647,1752,1732
2873,1765976680673,1868,1823
2874,1765976680700,1382,1707
2875,1765976680729,1811,1651
2876,1765976680756,1612,1685
2877,1765976680782,1426,1619
2878,1765976680809,1947,1635
2879,1765976680838,1545,1668
2880,1765976680865,1565,1619
2881,1765976680891,2051,1706
2882,1765976680918,1454,1712
2883,1765976680947,1707,1664
2884,1765976680974,1876,1730
2885,1765976681000,1410,1699
2886,1765976681027,1861,1661
2887,1765976681057,1679,1706
2888,1765976681083,1362,1637
2889,1765976681109,1983,1659
2890,1765976681137,1490,1675
2891,1765976681165,1592,1621
2892,1765976681247,1556,1596
2893,1765976681274,1906,1705
2894,1765976681301,1382,1585
2895,1765976681327,1839,1655
2896,1765976681353,1823,1701
2897,1765976681380,1354,1660
2898,1765976681409,1802,1640
2899,1765976681436,1556,1674
2900,1765976681462,1441,1595
2901,1765976681545,1518,1534
2902,1765976681571,2058,1675
2903,1765976681599,1404,1595
2904,1765976681627,1770,1638
2905,1765976681654,1894,1728
2906,1765976681733,1908,1806
2907,1765976681763,1384,1672
2908,1765976681789,1962,1783
2909,1765976681871,2055,1840
2910,1765976681898,1450,1751
2911,1765976681924,1591,1688
2912,1765976681951,2013,1814
2913,1765976681980,1418,1705
2914,1765976682007,1773,1649
2915,1765976682033,1878,1734
2916,1765976682061,1396,1695
2917,1765976682089,1954,1683
2918,1765976682116,1577,1715
2919,1765976682142,1345,1630
2920,1765976682171,1941,1642
2921,1765976682198,1483,1660
2922,1765976682225,1581,1585
2923,1765976682251,2075,1685
2924,1765976682277,1422,1700
2925,1765976682304,1551,1622
2926,1765976682333,1993,1724
2927,1765976682360,1456,1699
2928,1765976682386,1748,1634
2929,1765976682413,2009,1751
2930,1765976682442,1300,1701
2931,1765976682469,1966,1695
2932,1765976682551,2035,1811
2933,1765976682578,1459,1753
2934,1765976682604,1566,1665
2935,1765976682633,2075,1820
2936,1765976682660,1433,1713
2937,1765976682687,1723,1651
2938,1765976682713,1949,1749
2939,1765976682739,1413,1718
2940,1765976682766,1713,1646
2941,1765976682848,1976,1754
2942,1765976682875,1683,1746
2943,1765976682904,1502,1657
2944,1765976682931,2053,1785
2945,1765976682957,1420,1726
2946,1765976682985,1502,1632
2947,1765976683066,1815,1658
2948,1765976683095,1971,1752
2949,1765976683122,1504,1642
2950,1765976683149,1968,1752
2951,1765976683175,1641,1779
2952,1765976683204,1349,1686
2953,1765976683231,2026,1697
2954,1765976683258,1477,1692
2955,1765976683284,1509,1600
2956,1765976683314,2067,1685
2957,1765976683340,1419,1699
2958,1765976683367,1759,1646
2959,1765976683393,1991,1749
2960,1765976683422,1410,1729
2961,1765976683449,1973,1710
2962,1765976683475,1660,1758
2963,1765976683502,1354,1677
2964,1765976683531,2061,1691
2965,1765976683558,1476,1704
2966,1765976683640,1447,1599
2967,1765976683667,1757,1619
2968,1765976683693,1815,1711
2969,1765976683722,1443,1587
2970,1765976683749,1946,1681
2971,1765976683776,1639,1720
2972,1765976683802,1443,1657
2973,1765976683828,1917,1677
2974,1765976683855,1655,1720
2975,1765976683884,1434,1617
2976,1765976683911,2067,1703
2977,1765976683937,1486,1711
2978,1765976683964,1532,1634
2979,1765976683993,2078,1719
2980,1765976684020,1465,1725
2981,1765976684046,1828,1677
2982,1765976684074,2043,1789
2983,1765976684102,1445,1771
2984,1765976684129,1959,1748
2985,1765976684155,1664,1787
2986,1765976684184,1472,1716
2987,1765976684211,2073,1722
2988,1765976684238,1521,1737
2989,1765976684320,1392,1624
2990,1765976684347,1737,1639
2991,1765976684373,1896,1723
2992,1765976684402,1465,1602
2993,1765976684429,1900,1678
2994,1765976684455,1663,1732
2995,1765976684482,1427,1670
2996,1765976684511,2062,1703
2997,1765976684538,1480,1706
2998,1765976684564,1554,1637
2999,1765976684591,2064,1717
3000,1765976684620,1428,1717
3001,1765976684647,1747,1654
3002,1765976684673,1889,1736
3003,1765976684701,1414,1708
3004,1765976684729,1955,1686
3005,1765976684756,1648,1730
3006,1765976684782,1408,1662
3007,1765976684811,1936,1672
3008,1765976684838,1482,1685
3009,1765976684865,1624,1619
3010,1765976684891,2116,1713
